timeOpen;timeClose;timeHigh;timeLow;name;open;high;low;close;volume;marketCap;timestamp
"2016-04-08T00:00:00.000Z";"2016-04-08T23:59:59.999Z";"2016-04-08T08:14:22.000Z";"2016-04-08T21:34:22.000Z";"2781";422.9070129395;425.3609924316;419.6350097656;420.3489990234;63454700;6477294354.43;"2016-04-08T23:59:59.999Z"
"2016-04-07T00:00:00.000Z";"2016-04-07T23:59:59.999Z";"2016-04-07T17:14:22.000Z";"2016-04-07T04:34:20.000Z";"2781";423.6199951172;423.6570129395;420.5180053711;422.7449951172;57858600;6512693215.12;"2016-04-07T23:59:59.999Z"
"2016-04-06T00:00:00.000Z";"2016-04-06T23:59:59.999Z";"2016-04-06T02:09:22.000Z";"2016-04-06T17:59:21.000Z";"2781";424.283996582;424.5270080566;422.7290039063;423.4129943848;59091000;6521491708.6;"2016-04-06T23:59:59.999Z"
"2016-04-05T00:00:00.000Z";"2016-04-05T23:59:59.999Z";"2016-04-05T23:34:21.000Z";"2016-04-05T01:34:25.000Z";"2781";421.016998291;424.2569885254;420.6140136719;424.0299987793;60718000;6529351749.75;"2016-04-05T23:59:59.999Z"
"2016-04-04T00:00:00.000Z";"2016-04-04T23:59:59.999Z";"2016-04-04T06:54:21.000Z";"2016-04-04T15:34:20.000Z";"2781";421.2990112305;422.3429870605;419.6010131836;421.4440002441;50634300;6487898585.8;"2016-04-04T23:59:59.999Z"
"2016-04-03T00:00:00.000Z";"2016-04-03T23:59:59.999Z";"2016-04-03T15:14:20.000Z";"2016-04-03T20:49:23.000Z";"2781";421.1730041504;421.5799865723;419.6969909668;420.9039916992;38053700;6477828308.6;"2016-04-03T23:59:59.999Z"
"2016-04-02T00:00:00.000Z";"2016-04-02T23:59:59.999Z";"2016-04-02T01:14:21.000Z";"2016-04-02T00:04:23.000Z";"2781";418.4219970703;422.0809936523;418.4219970703;420.8729858398;45681200;6475857110.93;"2016-04-02T23:59:59.999Z"
"2016-04-01T00:00:00.000Z";"2016-04-01T23:59:59.999Z";"2016-04-01T14:44:20.000Z";"2016-04-01T09:29:21.000Z";"2781";416.7600097656;418.1730041504;415.8309936523;417.9599914551;51235700;6429593619;"2016-04-01T23:59:59.999Z"
"2016-03-31T00:00:00.000Z";"2016-03-31T23:59:59.999Z";"2016-03-31T21:24:22.000Z";"2016-03-31T00:04:21.000Z";"2781";415.2569885254;418.3689880371;415.2569885254;416.7290039063;60215200;6409062819.05;"2016-03-31T23:59:59.999Z"
"2016-03-30T00:00:00.000Z";"2016-03-30T23:59:59.999Z";"2016-03-30T00:04:21.000Z";"2016-03-30T07:39:20.000Z";"2781";416.8340148926;416.8340148926;412.4960021973;414.8160095215;66034100;6378356001.6;"2016-03-30T23:59:59.999Z"
"2016-03-29T00:00:00.000Z";"2016-03-29T23:59:59.999Z";"2016-03-29T02:29:23.000Z";"2016-03-29T12:14:20.000Z";"2781";424.3039855957;426.2030029297;412.6809997559;416.5159912109;75411504;6402954687.4;"2016-03-29T23:59:59.999Z"
"2016-03-28T00:00:00.000Z";"2016-03-28T23:59:59.999Z";"2016-03-28T06:04:21.000Z";"2016-03-28T16:44:22.000Z";"2781";426.5480041504;426.8569946289;423.2929992676;424.2309875488;68522800;6519889575.48;"2016-03-28T23:59:59.999Z"
"2016-03-27T00:00:00.000Z";"2016-03-27T23:59:59.999Z";"2016-03-27T17:04:19.000Z";"2016-03-27T02:49:22.000Z";"2781";418.1400146484;428.7969970703;417.7109985352;426.7650146484;71229400;6557030842.5;"2016-03-27T23:59:59.999Z"
"2016-03-26T00:00:00.000Z";"2016-03-26T23:59:59.999Z";"2016-03-26T01:49:22.000Z";"2016-03-26T13:14:21.000Z";"2781";417.3649902344;418.9869995117;416.2590026855;417.9450073242;44650400;6420042696.38;"2016-03-26T23:59:59.999Z"
"2016-03-25T00:00:00.000Z";"2016-03-25T23:59:59.999Z";"2016-03-25T16:34:21.000Z";"2016-03-25T01:09:21.000Z";"2781";416.5079956055;418.0799865723;415.558013916;417.1770019531;52560000;6406608047.85;"2016-03-25T23:59:59.999Z"
"2016-03-24T00:00:00.000Z";"2016-03-24T23:59:59.999Z";"2016-03-24T00:39:20.000Z";"2016-03-24T09:44:20.000Z";"2781";418.4240112305;418.6799926758;415.4859924316;416.3940124512;68346704;6393094869.15;"2016-03-24T23:59:59.999Z"
"2016-03-23T00:00:00.000Z";"2016-03-23T23:59:59.999Z";"2016-03-23T21:49:22.000Z";"2016-03-23T15:04:22.000Z";"2781";418.1610107422;419.2680053711;417.3640136719;418.0409851074;61444200;6416845741.8;"2016-03-23T23:59:59.999Z"
"2016-03-22T00:00:00.000Z";"2016-03-22T23:59:59.999Z";"2016-03-22T11:19:25.000Z";"2016-03-22T01:39:24.000Z";"2781";413.1319885254;418.375;412.5310058594;418.0889892578;66813300;6416025150.68;"2016-03-22T23:59:59.999Z"
"2016-03-21T00:00:00.000Z";"2016-03-21T23:59:59.999Z";"2016-03-21T00:04:20.000Z";"2016-03-21T03:34:21.000Z";"2781";413.4179992676;413.4179992676;410.3810119629;413.3070068359;61655400;6341110984.12;"2016-03-21T23:59:59.999Z"
"2016-03-20T00:00:00.000Z";"2016-03-20T23:59:59.999Z";"2016-03-20T19:54:20.000Z";"2016-03-20T00:04:20.000Z";"2781";410.4010009766;414.625;410.4010009766;413.7550048828;45947900;6346546569.5;"2016-03-20T23:59:59.999Z"
"2016-03-19T00:00:00.000Z";"2016-03-19T23:59:59.999Z";"2016-03-19T08:04:21.000Z";"2016-03-19T19:09:22.000Z";"2781";409.2650146484;410.9840087891;407.2300109863;410.4440002441;58423000;6294271612.1;"2016-03-19T23:59:59.999Z"
"2016-03-18T00:00:00.000Z";"2016-03-18T23:59:59.999Z";"2016-03-18T00:04:19.000Z";"2016-03-18T19:49:19.000Z";"2781";420.5469970703;420.5469970703;406.1369934082;409.5480041504;104940000;6279128503.8;"2016-03-18T23:59:59.999Z"
"2016-03-17T00:00:00.000Z";"2016-03-17T23:59:59.999Z";"2016-03-17T19:24:20.000Z";"2016-03-17T00:04:20.000Z";"2781";417.8890075684;420.9970092773;417.8890075684;420.6210021973;83528600;6447467967.45;"2016-03-17T23:59:59.999Z"
"2016-03-16T00:00:00.000Z";"2016-03-16T23:59:59.999Z";"2016-03-16T11:04:21.000Z";"2016-03-16T08:14:20.000Z";"2781";416.8880004883;417.6860046387;415.9119873047;417.0109863281;65185800;6390672724.45;"2016-03-16T23:59:59.999Z"
"2016-03-15T00:00:00.000Z";"2016-03-15T23:59:59.999Z";"2016-03-15T04:54:19.000Z";"2016-03-15T14:59:19.000Z";"2781";416.3880004883;418.1310119629;414.9849853516;416.8299865723;66781700;6386304533.75;"2016-03-15T23:59:59.999Z"
"2016-03-14T00:00:00.000Z";"2016-03-14T23:59:59.999Z";"2016-03-14T06:24:21.000Z";"2016-03-14T00:04:19.000Z";"2781";414.2009887695;416.6839904785;414.2009887695;416.4379882813;95259400;6378632900.75;"2016-03-14T23:59:59.999Z"
"2016-03-13T00:00:00.000Z";"2016-03-13T23:59:59.999Z";"2016-03-13T12:39:20.000Z";"2016-03-13T00:09:19.000Z";"2781";411.6480102539;416.6040039063;411.641998291;414.0650024414;74322800;6340701564.5;"2016-03-13T23:59:59.999Z"
"2016-03-12T00:00:00.000Z";"2016-03-12T23:59:59.999Z";"2016-03-12T01:54:20.000Z";"2016-03-12T16:09:19.000Z";"2781";421.6050109863;421.7950134277;410.0939941406;411.6239929199;92712896;6301963440;"2016-03-12T23:59:59.999Z"
"2016-03-11T00:00:00.000Z";"2016-03-11T23:59:59.999Z";"2016-03-11T10:29:18.000Z";"2016-03-11T01:14:19.000Z";"2781";417.2380065918;423.925994873;417.0130004883;421.6900024414;73969696;6454555816;"2016-03-11T23:59:59.999Z"
"2016-03-10T00:00:00.000Z";"2016-03-10T23:59:59.999Z";"2016-03-10T21:59:19.000Z";"2016-03-10T02:59:19.000Z";"2781";414.7439880371;417.5119934082;413.2510070801;417.1310119629;81022896;6383105414.4;"2016-03-10T23:59:59.999Z"
"2016-03-09T00:00:00.000Z";"2016-03-09T23:59:59.999Z";"2016-03-09T17:04:19.000Z";"2016-03-09T08:09:20.000Z";"2781";413.8940124512;416.0320129395;411.6059875488;414.8599853516;70012304;6346735710;"2016-03-09T23:59:59.999Z"
"2016-03-08T00:00:00.000Z";"2016-03-08T23:59:59.999Z";"2016-03-08T05:29:20.000Z";"2016-03-08T13:34:19.000Z";"2781";414.4649963379;416.2430114746;411.0939941406;413.9719848633;70311696;6331422308.9;"2016-03-08T23:59:59.999Z"
"2016-03-07T00:00:00.000Z";"2016-03-07T23:59:59.999Z";"2016-03-07T23:19:20.000Z";"2016-03-07T02:19:19.000Z";"2781";407.7569885254;415.9169921875;406.3089904785;414.3210144043;85762400;6335164892.48;"2016-03-07T23:59:59.999Z"
"2016-03-06T00:00:00.000Z";"2016-03-06T23:59:59.999Z";"2016-03-06T16:19:19.000Z";"2016-03-06T01:19:23.000Z";"2781";400.5249938965;411.9070129395;395.7780151367;407.7070007324;91212496;6232667872.38;"2016-03-06T23:59:59.999Z"
"2016-03-05T00:00:00.000Z";"2016-03-05T23:59:59.999Z";"2016-03-05T04:39:20.000Z";"2016-03-05T16:44:20.000Z";"2781";410.7810058594;411.2569885254;394.0350036621;400.5700073242;135384992;6122091566.5;"2016-03-05T23:59:59.999Z"
"2016-03-04T00:00:00.000Z";"2016-03-04T23:59:59.999Z";"2016-03-04T07:44:23.000Z";"2016-03-04T23:59:22.000Z";"2781";421.8359985352;425.1780090332;410.9389953613;410.9389953613;90856096;6279024638.3;"2016-03-04T23:59:59.999Z"
"2016-03-03T00:00:00.000Z";"2016-03-03T23:59:59.999Z";"2016-03-03T13:49:19.000Z";"2016-03-03T05:59:19.000Z";"2781";423.9119873047;425.3729858398;419.4110107422;421.6510009766;100484000;6441066887.07;"2016-03-03T23:59:59.999Z"
"2016-03-02T00:00:00.000Z";"2016-03-02T23:59:59.999Z";"2016-03-02T01:09:19.000Z";"2016-03-02T23:59:19.000Z";"2781";435.1310119629;435.9169921875;423.9890136719;423.9890136719;74955296;6475329603.6;"2016-03-02T23:59:59.999Z"
"2016-03-01T00:00:00.000Z";"2016-03-01T23:59:59.999Z";"2016-03-01T00:54:23.000Z";"2016-03-01T07:54:19.000Z";"2781";437.9169921875;439.6530151367;432.3190002441;435.1229858398;74895800;6643686403.57;"2016-03-01T23:59:59.999Z"
"2016-02-29T00:00:00.000Z";"2016-02-29T23:59:59.999Z";"2016-02-29T11:29:21.000Z";"2016-02-29T00:24:19.000Z";"2781";433.4379882813;441.5069885254;431.6929931641;437.6969909668;60694700;6681444705;"2016-02-29T23:59:59.999Z"
"2016-02-28T00:00:00.000Z";"2016-02-28T23:59:59.999Z";"2016-02-28T15:04:19.000Z";"2016-02-28T01:59:18.000Z";"2781";432.5710144043;435.683013916;423.8200073242;433.5039978027;53033400;6615986321.6;"2016-02-28T23:59:59.999Z"
"2016-02-27T00:00:00.000Z";"2016-02-27T23:59:59.999Z";"2016-02-27T00:39:24.000Z";"2016-02-27T10:14:20.000Z";"2781";432.8389892578;434.2309875488;428.1029968262;432.5190124512;41893600;6599515470.68;"2016-02-27T23:59:59.999Z"
"2016-02-26T00:00:00.000Z";"2016-02-26T23:59:59.999Z";"2016-02-26T23:59:20.000Z";"2016-02-26T01:39:19.000Z";"2781";424.6289978027;432.1520080566;421.6199951172;432.1520080566;61486000;6592327506.8;"2016-02-26T23:59:59.999Z"
"2016-02-25T00:00:00.000Z";"2016-02-25T23:59:59.999Z";"2016-02-25T00:34:20.000Z";"2016-02-25T05:24:19.000Z";"2781";425.0369873047;427.7189941406;420.4150085449;424.5440063477;70798000;6474784225.6;"2016-02-25T23:59:59.999Z"
"2016-02-24T00:00:00.000Z";"2016-02-24T23:59:59.999Z";"2016-02-24T19:29:21.000Z";"2016-02-24T06:04:19.000Z";"2781";420.9559936523;425.549987793;413.9070129395;424.9549865723;67743696;6479395123.75;"2016-02-24T23:59:59.999Z"
"2016-02-23T00:00:00.000Z";"2016-02-23T23:59:59.999Z";"2016-02-23T03:34:19.000Z";"2016-02-23T19:09:20.000Z";"2781";438.2550048828;439.858001709;417.8210144043;420.7359924316;85244896;6413836323.2;"2016-02-23T23:59:59.999Z"
"2016-02-22T00:00:00.000Z";"2016-02-22T23:59:59.999Z";"2016-02-22T00:09:23.000Z";"2016-02-22T02:34:20.000Z";"2781";438.9890136719;439.0450134277;432.9169921875;437.7479858398;85385200;6671673493.2;"2016-02-22T23:59:59.999Z"
"2016-02-21T00:00:00.000Z";"2016-02-21T23:59:59.999Z";"2016-02-21T08:29:20.000Z";"2016-02-21T14:39:24.000Z";"2781";437.7730102539;448.0459899902;429.0769958496;438.7980041504;89820704;6686294224.5;"2016-02-21T23:59:59.999Z"
"2016-02-20T00:00:00.000Z";"2016-02-20T23:59:59.999Z";"2016-02-20T20:24:20.000Z";"2016-02-20T00:04:20.000Z";"2781";421.6010131836;441.9840087891;421.6010131836;437.1640014648;93992096;6659985887.1;"2016-02-20T23:59:59.999Z"
"2016-02-19T00:00:00.000Z";"2016-02-19T23:59:59.999Z";"2016-02-19T00:19:22.000Z";"2016-02-19T07:29:19.000Z";"2781";422.7300109863;423.1040039063;417.6040039063;420.7850036621;55711300;6408881658.38;"2016-02-19T23:59:59.999Z"
"2016-02-18T00:00:00.000Z";"2016-02-18T23:59:59.999Z";"2016-02-18T13:14:19.000Z";"2016-02-18T00:44:20.000Z";"2781";416.5719909668;425.9960021973;415.6380004883;422.3729858398;76752600;6431547586.27;"2016-02-18T23:59:59.999Z"
"2016-02-17T00:00:00.000Z";"2016-02-17T23:59:59.999Z";"2016-02-17T20:14:19.000Z";"2016-02-17T01:19:21.000Z";"2781";407.6560058594;421.1669921875;406.783996582;416.3219909668;83193600;6337628173.8;"2016-02-17T23:59:59.999Z"
"2016-02-16T00:00:00.000Z";"2016-02-16T23:59:59.999Z";"2016-02-16T17:44:21.000Z";"2016-02-16T00:04:19.000Z";"2781";401.4320068359;408.9450073242;401.4320068359;407.4880065918;73093104;6201590433.6;"2016-02-16T23:59:59.999Z"
"2016-02-15T00:00:00.000Z";"2016-02-15T23:59:59.999Z";"2016-02-15T00:29:18.000Z";"2016-02-15T21:54:20.000Z";"2781";407.5679931641;410.3810119629;397.7489929199;400.1849975586;74070496;6089064890.62;"2016-02-15T23:59:59.999Z"
"2016-02-14T00:00:00.000Z";"2016-02-14T23:59:59.999Z";"2016-02-14T23:59:18.000Z";"2016-02-14T00:04:19.000Z";"2781";392.9320068359;407.2300109863;392.9320068359;407.2300109863;74469800;6194711494.75;"2016-02-14T23:59:59.999Z"
"2016-02-13T00:00:00.000Z";"2016-02-13T23:59:59.999Z";"2016-02-13T23:59:18.000Z";"2016-02-13T00:04:18.000Z";"2781";384.6409912109;391.8599853516;384.6409912109;391.8599853516;61911700;5959279525.5;"2016-02-13T23:59:59.999Z"
"2016-02-12T00:00:00.000Z";"2016-02-12T23:59:59.999Z";"2016-02-12T12:59:19.000Z";"2016-02-12T01:04:19.000Z";"2781";379.6860046387;384.9540100098;379.6000061035;384.2630004883;67042800;5842238586.25;"2016-02-12T23:59:59.999Z"
"2016-02-11T00:00:00.000Z";"2016-02-11T23:59:59.999Z";"2016-02-11T02:24:20.000Z";"2016-02-11T20:14:18.000Z";"2781";382.1140136719;383.1300048828;376.3989868164;379.6539916992;74375600;5770550973;"2016-02-11T23:59:59.999Z"
"2016-02-10T00:00:00.000Z";"2016-02-10T23:59:59.999Z";"2016-02-10T15:14:20.000Z";"2016-02-10T01:24:19.000Z";"2781";376.1459960938;385.483001709;375.782989502;381.6489868164;85130896;5799042060.3;"2016-02-10T23:59:59.999Z"
"2016-02-09T00:00:00.000Z";"2016-02-09T23:59:59.999Z";"2016-02-09T13:14:19.000Z";"2016-02-09T05:19:24.000Z";"2781";373.4230041504;377.2460021973;372.8980102539;376.0289916992;55318500;5712106127.4;"2016-02-09T23:59:59.999Z"
"2016-02-08T00:00:00.000Z";"2016-02-08T23:59:59.999Z";"2016-02-08T08:04:19.000Z";"2016-02-08T23:44:18.000Z";"2781";376.7569885254;379.8789978027;373.3340148926;373.4469909668;47671100;5671240831.4;"2016-02-08T23:59:59.999Z"
"2016-02-07T00:00:00.000Z";"2016-02-07T23:59:59.999Z";"2016-02-07T12:54:18.000Z";"2016-02-07T21:04:20.000Z";"2781";376.5140075684;380.8710021973;374.9030151367;376.6199951172;37076300;5718023734.5;"2016-02-07T23:59:59.999Z"
"2016-02-06T00:00:00.000Z";"2016-02-06T23:59:59.999Z";"2016-02-06T00:09:22.000Z";"2016-02-06T05:39:18.000Z";"2781";386.5889892578;386.6310119629;372.3869934082;376.5220031738;49249300;5714879155.15;"2016-02-06T23:59:59.999Z"
"2016-02-05T00:00:00.000Z";"2016-02-05T23:59:59.999Z";"2016-02-05T12:04:22.000Z";"2016-02-05T22:14:21.000Z";"2781";388.8980102539;391.0939941406;385.5719909668;386.5490112305;43825000;5865136968.17;"2016-02-05T23:59:59.999Z"
"2016-02-04T00:00:00.000Z";"2016-02-04T23:59:59.999Z";"2016-02-04T21:04:20.000Z";"2016-02-04T00:09:24.000Z";"2781";370.1740112305;391.608001709;369.9930114746;389.5939941406;69285504;5909517629.6;"2016-02-04T23:59:59.999Z"
"2016-02-03T00:00:00.000Z";"2016-02-03T23:59:59.999Z";"2016-02-03T08:44:18.000Z";"2016-02-03T22:44:20.000Z";"2781";374.6459960938;374.950012207;368.0450134277;369.949005127;45933400;5609971377.07;"2016-02-03T23:59:59.999Z"
"2016-02-02T00:00:00.000Z";"2016-02-02T23:59:59.999Z";"2016-02-02T16:09:20.000Z";"2016-02-02T00:04:20.000Z";"2781";372.9200134277;375.8829956055;372.9200134277;374.4479980469;40378700;5676528706.8;"2016-02-02T23:59:59.999Z"
"2016-02-01T00:00:00.000Z";"2016-02-01T23:59:59.999Z";"2016-02-01T10:54:20.000Z";"2016-02-01T01:54:20.000Z";"2781";369.3500061035;378.0719909668;367.9570007324;373.0559997559;51656700;5653747617.6;"2016-02-01T23:59:59.999Z"
"2016-01-31T00:00:00.000Z";"2016-01-31T23:59:59.999Z";"2016-01-31T07:39:19.000Z";"2016-01-31T23:49:20.000Z";"2781";378.2929992676;380.3469848633;367.8349914551;368.766998291;37894300;5587253351.23;"2016-01-31T23:59:59.999Z"
"2016-01-30T00:00:00.000Z";"2016-01-30T23:59:59.999Z";"2016-01-30T22:09:19.000Z";"2016-01-30T04:09:19.000Z";"2781";378.8649902344;380.9169921875;376.4909973145;378.2550048828;30284400;5729296095.75;"2016-01-30T23:59:59.999Z"
"2016-01-29T00:00:00.000Z";"2016-01-29T23:59:59.999Z";"2016-01-29T10:34:18.000Z";"2016-01-29T03:14:20.000Z";"2781";380.108001709;384.3789978027;365.4519958496;379.4739990234;86125296;5745985821.15;"2016-01-29T23:59:59.999Z"
"2016-01-28T00:00:00.000Z";"2016-01-28T23:59:59.999Z";"2016-01-28T00:59:19.000Z";"2016-01-28T23:39:20.000Z";"2781";395.1459960938;395.5020141602;379.7349853516;380.2890014648;59247900;5756710302.52;"2016-01-28T23:59:59.999Z"
"2016-01-27T00:00:00.000Z";"2016-01-27T23:59:59.999Z";"2016-01-27T07:04:22.000Z";"2016-01-27T00:24:18.000Z";"2781";392.4440002441;396.8429870605;391.7820129395;394.9719848633;47424400;5977545745.2;"2016-01-27T23:59:59.999Z"
"2016-01-26T00:00:00.000Z";"2016-01-26T23:59:59.999Z";"2016-01-26T10:29:17.000Z";"2016-01-26T04:14:19.000Z";"2781";392.0020141602;397.7659912109;390.575012207;392.1530151367;58147000;5933372928.25;"2016-01-26T23:59:59.999Z"
"2016-01-25T00:00:00.000Z";"2016-01-25T23:59:59.999Z";"2016-01-25T00:04:18.000Z";"2016-01-25T18:14:20.000Z";"2781";402.316986084;402.316986084;388.5539855957;391.7260131836;59062400;5925345407.5;"2016-01-25T23:59:59.999Z"
"2016-01-24T00:00:00.000Z";"2016-01-24T23:59:59.999Z";"2016-01-24T20:19:19.000Z";"2016-01-24T00:34:23.000Z";"2781";388.1019897461;405.4849853516;387.5100097656;402.9710083008;54824800;6093787907.65;"2016-01-24T23:59:59.999Z"
"2016-01-23T00:00:00.000Z";"2016-01-23T23:59:59.999Z";"2016-01-23T05:39:19.000Z";"2016-01-23T13:14:17.000Z";"2781";382.4339904785;394.5429992676;381.9809875488;387.4909973145;56247400;5858059876.18;"2016-01-23T23:59:59.999Z"
"2016-01-22T00:00:00.000Z";"2016-01-22T23:59:59.999Z";"2016-01-22T00:19:20.000Z";"2016-01-22T20:24:20.000Z";"2781";409.7510070801;410.4100036621;375.2820129395;382.4920043945;91546600;5780764155.1;"2016-01-22T23:59:59.999Z"
"2016-01-21T00:00:00.000Z";"2016-01-21T23:59:59.999Z";"2016-01-21T01:29:18.000Z";"2016-01-21T17:04:18.000Z";"2781";419.6319885254;422.8770141602;406.299987793;410.2619934082;68338000;6198658814.55;"2016-01-21T23:59:59.999Z"
"2016-01-20T00:00:00.000Z";"2016-01-20T23:59:59.999Z";"2016-01-20T23:19:19.000Z";"2016-01-20T00:34:19.000Z";"2781";379.7399902344;425.266998291;376.5989990234;420.2300109863;121720000;6347836793.75;"2016-01-20T23:59:59.999Z"
"2016-01-19T00:00:00.000Z";"2016-01-19T23:59:59.999Z";"2016-01-19T13:44:19.000Z";"2016-01-19T19:34:16.000Z";"2781";387.0260009766;387.7300109863;378.9719848633;380.1489868164;46819800;5740934168.2;"2016-01-19T23:59:59.999Z"
"2016-01-18T00:00:00.000Z";"2016-01-18T23:59:59.999Z";"2016-01-18T14:04:18.000Z";"2016-01-18T07:59:17.000Z";"2781";381.733001709;388.1040039063;376.6650085449;387.1679992676;54403900;5845656048;"2016-01-18T23:59:59.999Z"
"2016-01-17T00:00:00.000Z";"2016-01-17T23:59:59.999Z";"2016-01-17T00:59:18.000Z";"2016-01-17T07:19:17.000Z";"2781";387.1520080566;390.9649963379;380.092010498;382.2990112305;45319600;5770478450.85;"2016-01-17T23:59:59.999Z"
"2016-01-16T00:00:00.000Z";"2016-01-16T23:59:59.999Z";"2016-01-16T23:49:17.000Z";"2016-01-16T08:04:18.000Z";"2781";365.0729980469;390.5570068359;354.9140014648;387.5360107422;120352000;5848063566;"2016-01-16T23:59:59.999Z"
"2016-01-15T00:00:00.000Z";"2016-01-15T23:59:59.999Z";"2016-01-15T00:04:17.000Z";"2016-01-15T23:59:19.000Z";"2781";430.2550048828;430.2550048828;364.3309936523;364.3309936523;153351008;5496598039.07;"2016-01-15T23:59:59.999Z"
"2016-01-14T00:00:00.000Z";"2016-01-14T23:59:59.999Z";"2016-01-14T03:04:26.000Z";"2016-01-14T10:39:18.000Z";"2781";432.2879943848;433.324005127;427.8450012207;430.3059997559;43945500;6490638885.15;"2016-01-14T23:59:59.999Z"
"2016-01-13T00:00:00.000Z";"2016-01-13T23:59:59.999Z";"2016-01-13T00:29:19.000Z";"2016-01-13T00:59:17.000Z";"2781";434.6650085449;435.1860046387;424.4429931641;432.3710021973;173888000;6520360056.22;"2016-01-13T23:59:59.999Z"
"2016-01-12T00:00:00.000Z";"2016-01-12T23:59:59.999Z";"2016-01-12T00:04:18.000Z";"2016-01-12T23:59:18.000Z";"2781";448.1820068359;448.1820068359;435.6900024414;435.6900024414;115607000;6568800099.75;"2016-01-12T23:59:59.999Z"
"2016-01-11T00:00:00.000Z";"2016-01-11T23:59:59.999Z";"2016-01-11T03:14:18.000Z";"2016-01-11T07:19:19.000Z";"2781";448.6979980469;450.6619873047;443.8550109863;448.4280090332;40450000;6758931030;"2016-01-11T23:59:59.999Z"
"2016-01-10T00:00:00.000Z";"2016-01-10T23:59:59.999Z";"2016-01-10T00:19:20.000Z";"2016-01-10T12:39:16.000Z";"2781";448.2380065918;448.3089904785;440.3510131836;447.9909973145;35995900;6750440385.75;"2016-01-10T23:59:59.999Z"
"2016-01-09T00:00:00.000Z";"2016-01-09T23:59:59.999Z";"2016-01-09T01:19:17.000Z";"2016-01-09T15:04:19.000Z";"2781";453.3829956055;454.6400146484;446.8890075684;447.6109924316;32278000;6742767342.9;"2016-01-09T23:59:59.999Z"
"2016-01-08T00:00:00.000Z";"2016-01-08T23:59:59.999Z";"2016-01-08T01:29:27.000Z";"2016-01-08T18:19:17.000Z";"2781";457.5379943848;462.9339904785;447.9379882813;453.2300109863;56993000;6825700453.75;"2016-01-08T23:59:59.999Z"
"2016-01-07T00:00:00.000Z";"2016-01-07T23:59:59.999Z";"2016-01-07T23:49:18.000Z";"2016-01-07T02:09:18.000Z";"2781";430.0109863281;458.7659912109;429.0769958496;458.0480041504;87562200;6896279078.4;"2016-01-07T23:59:59.999Z"
"2016-01-06T00:00:00.000Z";"2016-01-06T23:59:59.999Z";"2016-01-06T00:04:18.000Z";"2016-01-06T03:54:17.000Z";"2781";431.8559875488;431.8559875488;426.341003418;429.1050109863;34042500;6458942098.12;"2016-01-06T23:59:59.999Z"
"2016-01-05T00:00:00.000Z";"2016-01-05T23:59:59.999Z";"2016-01-05T02:34:22.000Z";"2016-01-05T13:09:22.000Z";"2781";433.0690002441;434.1820068359;429.675994873;431.9599914551;34522600;6500393256;"2016-01-05T23:59:59.999Z"
"2016-01-04T00:00:00.000Z";"2016-01-04T23:59:59.999Z";"2016-01-04T15:39:21.000Z";"2016-01-04T01:04:23.000Z";"2781";430.0610046387;434.516998291;429.0840148926;433.091003418;38477500;6515713340.43;"2016-01-04T23:59:59.999Z"
"2016-01-03T00:00:00.000Z";"2016-01-03T23:59:59.999Z";"2016-01-03T00:14:20.000Z";"2016-01-03T20:04:23.000Z";"2781";433.5780029297;433.7430114746;424.7059936523;430.0109863281;39633800;6467429941.65;"2016-01-03T23:59:59.999Z"
"2016-01-02T00:00:00.000Z";"2016-01-02T23:59:59.999Z";"2016-01-02T00:44:22.000Z";"2016-01-02T13:54:20.000Z";"2781";434.6220092773;436.0620117188;431.8699951172;433.4379882813;30096600;6517390487;"2016-01-02T23:59:59.999Z"
"2016-01-01T00:00:00.000Z";"2016-01-01T23:59:59.999Z";"2016-01-01T04:29:22.000Z";"2016-01-01T13:59:21.000Z";"2781";430.7210083008;436.2460021973;427.5150146484;434.3340148926;36278900;6529299588.6;"2016-01-01T23:59:59.999Z"
"2015-12-31T00:00:00.000Z";"2015-12-31T23:59:59.999Z";"2015-12-31T21:24:20.000Z";"2015-12-31T06:04:22.000Z";"2781";425.875;432.9209899902;418.7349853516;430.566986084;45996600;6471217490.68;"2015-12-31T23:59:59.999Z"
"2015-12-30T00:00:00.000Z";"2015-12-30T23:59:59.999Z";"2015-12-30T01:59:21.000Z";"2015-12-30T13:54:23.000Z";"2781";433.299987793;434.3869934082;422.0840148926;426.6199951172;46889400;6410381454.5;"2015-12-30T23:59:59.999Z"
"2015-12-29T00:00:00.000Z";"2015-12-29T23:59:59.999Z";"2015-12-29T23:59:23.000Z";"2015-12-29T08:44:39.000Z";"2781";422.0979919434;432.983001709;420.6270141602;432.983001709;51596500;6504194853.98;"2015-12-29T23:59:59.999Z"
"2015-12-28T00:00:00.000Z";"2015-12-28T23:59:59.999Z";"2015-12-28T02:49:20.000Z";"2015-12-28T20:54:20.000Z";"2781";423.3429870605;429.7690124512;418.4809875488;422.2789916992;49638600;6341733237.12;"2015-12-28T23:59:59.999Z"
"2015-12-27T00:00:00.000Z";"2015-12-27T23:59:59.999Z";"2015-12-27T22:54:20.000Z";"2015-12-27T00:59:21.000Z";"2781";416.5140075684;424.0069885254;408.8829956055;422.8229980469;53591200;6348296233.72;"2015-12-27T23:59:59.999Z"
"2015-12-26T00:00:00.000Z";"2015-12-26T23:59:59.999Z";"2015-12-26T00:59:22.000Z";"2015-12-26T17:19:20.000Z";"2781";455.7560119629;457.4890136719;405.7600097656;417.2739868164;116166000;6262844602.3;"2015-12-26T23:59:59.999Z"
"2015-12-25T00:00:00.000Z";"2015-12-25T23:59:59.999Z";"2015-12-25T06:34:20.000Z";"2015-12-25T12:34:21.000Z";"2781";454.8550109863;458.3049926758;452.075012207;455.6530151367;39078500;6836936569.1;"2015-12-25T23:59:59.999Z"
"2015-12-24T00:00:00.000Z";"2015-12-24T23:59:59.999Z";"2015-12-24T09:19:38.000Z";"2015-12-24T00:19:22.000Z";"2781";443.091003418;458.4559936523;443.0769958496;454.9849853516;57157200;6825070740.25;"2015-12-24T23:59:59.999Z"
"2015-12-23T00:00:00.000Z";"2015-12-23T23:59:59.999Z";"2015-12-23T22:09:22.000Z";"2015-12-23T00:14:21.000Z";"2781";436.7200012207;444.5289916992;436.6189880371;442.4010009766;47161400;6634776277.2;"2015-12-23T23:59:59.999Z"
"2015-12-22T00:00:00.000Z";"2015-12-22T23:59:59.999Z";"2015-12-22T10:14:22.000Z";"2015-12-22T20:24:22.000Z";"2781";437.4360046387;443.6879882813;435.5159912109;436.5719909668;50840400;6545633139;"2015-12-22T23:59:59.999Z"
"2015-12-21T00:00:00.000Z";"2015-12-21T23:59:59.999Z";"2015-12-21T11:59:22.000Z";"2015-12-21T00:59:20.000Z";"2781";442.8380126953;444.7290039063;427.3120117188;438.6390075684;77639696;6574990256.48;"2015-12-21T23:59:59.999Z"
"2015-12-20T00:00:00.000Z";"2015-12-20T23:59:59.999Z";"2015-12-20T00:44:20.000Z";"2015-12-20T18:09:20.000Z";"2781";462.2340087891;462.6449890137;434.3380126953;442.6849975586;75409400;6633988873;"2015-12-20T23:59:59.999Z"
"2015-12-19T00:00:00.000Z";"2015-12-19T23:59:59.999Z";"2015-12-19T05:39:21.000Z";"2015-12-19T16:24:20.000Z";"2781";463.5520019531;465.5809936523;456.7650146484;462.3219909668;47892700;6926346391.3;"2015-12-19T23:59:59.999Z"
"2015-12-18T00:00:00.000Z";"2015-12-18T23:59:59.999Z";"2015-12-18T08:09:22.000Z";"2015-12-18T00:49:21.000Z";"2781";455.8469848633;465.1770019531;454.9400024414;463.6159973145;60220100;6943912953.6;"2015-12-18T23:59:59.999Z"
"2015-12-17T00:00:00.000Z";"2015-12-17T23:59:59.999Z";"2015-12-17T10:54:23.000Z";"2015-12-17T03:39:22.000Z";"2781";454.7770080566;457.8599853516;448.858001709;456.0780029297;47978400;6829095334.95;"2015-12-17T23:59:59.999Z"
"2015-12-16T00:00:00.000Z";"2015-12-16T23:59:59.999Z";"2015-12-16T00:04:23.000Z";"2015-12-16T04:09:20.000Z";"2781";465.2080078125;465.2080078125;443.8510131836;454.9339904785;107944000;6810202753.1;"2015-12-16T23:59:59.999Z"
"2015-12-15T00:00:00.000Z";"2015-12-15T23:59:59.999Z";"2015-12-15T23:59:22.000Z";"2015-12-15T00:04:22.000Z";"2781";443.8779907227;465.3210144043;443.8779907227;465.3210144043;83121104;6963784691.55;"2015-12-15T23:59:59.999Z"
"2015-12-14T00:00:00.000Z";"2015-12-14T23:59:59.999Z";"2015-12-14T16:59:22.000Z";"2015-12-14T00:14:24.000Z";"2781";433.2720031738;447.141998291;430.4559936523;444.1820068359;130496000;6645395797.45;"2015-12-14T23:59:59.999Z"
"2015-12-13T00:00:00.000Z";"2015-12-13T23:59:59.999Z";"2015-12-13T20:24:22.000Z";"2015-12-13T04:09:24.000Z";"2781";431.6600036621;441.6799926758;426.2680053711;433.7550048828;55050600;6487293999.38;"2015-12-13T23:59:59.999Z"
"2015-12-12T00:00:00.000Z";"2015-12-12T23:59:59.999Z";"2015-12-12T03:49:35.000Z";"2015-12-12T06:09:20.000Z";"2781";452.3349914551;469.1029968262;410.7409973145;434.9970092773;131969000;6504325267.28;"2015-12-12T23:59:59.999Z"
"2015-12-11T00:00:00.000Z";"2015-12-11T23:59:59.999Z";"2015-12-11T23:59:22.000Z";"2015-12-11T00:04:21.000Z";"2781";415.2810058594;451.9379882813;415.2810058594;451.9379882813;110944000;6755795193;"2015-12-11T23:59:59.999Z"
"2015-12-10T00:00:00.000Z";"2015-12-10T23:59:59.999Z";"2015-12-10T00:29:23.000Z";"2015-12-10T07:14:22.000Z";"2781";417.9880065918;419.5090026855;411.5480041504;415.4790039063;52138900;6209105141.55;"2015-12-10T23:59:59.999Z"
"2015-12-09T00:00:00.000Z";"2015-12-09T23:59:59.999Z";"2015-12-09T11:44:39.000Z";"2015-12-09T17:09:20.000Z";"2781";414.4410095215;423.1199951172;406.2909851074;417.5629882813;90917200;6238015413.3;"2015-12-09T23:59:59.999Z"
"2015-12-08T00:00:00.000Z";"2015-12-08T23:59:59.999Z";"2015-12-08T23:59:20.000Z";"2015-12-08T06:09:23.000Z";"2781";395.7539978027;415.5629882813;389.950012207;415.5629882813;57801400;6206381459.62;"2015-12-08T23:59:59.999Z"
"2015-12-07T00:00:00.000Z";"2015-12-07T23:59:59.999Z";"2015-12-07T13:14:22.000Z";"2015-12-07T00:19:20.000Z";"2781";389.9779968262;399.9689941406;385.4110107422;395.5360107422;63455800;5905560136.4;"2015-12-07T23:59:59.999Z"
"2015-12-06T00:00:00.000Z";"2015-12-06T23:59:59.999Z";"2015-12-06T05:34:27.000Z";"2015-12-06T13:19:21.000Z";"2781";389.5549926758;402.8089904785;387.0889892578;388.782989502;77762000;5803305523.55;"2015-12-06T23:59:59.999Z"
"2015-12-05T00:00:00.000Z";"2015-12-05T23:59:59.999Z";"2015-12-05T23:24:23.000Z";"2015-12-05T00:44:20.000Z";"2781";363.7210083008;389.7850036621;363.2290039063;388.949005127;66282200;5804247032.1;"2015-12-05T23:59:59.999Z"
"2015-12-04T00:00:00.000Z";"2015-12-04T23:59:59.999Z";"2015-12-04T15:05:03.000Z";"2015-12-04T02:59:20.000Z";"2781";361.2619934082;363.5159912109;355.7569885254;363.183013916;35784100;5418154665.07;"2015-12-04T23:59:59.999Z"
"2015-12-03T00:00:00.000Z";"2015-12-03T23:59:59.999Z";"2015-12-03T04:34:22.000Z";"2015-12-03T15:39:52.000Z";"2781";359.3309936523;370.2749938965;357.4119873047;361.0459899902;50714900;5384892776.2;"2015-12-03T23:59:59.999Z"
"2015-12-02T00:00:00.000Z";"2015-12-02T23:59:59.999Z";"2015-12-02T17:49:22.000Z";"2015-12-02T01:14:20.000Z";"2781";361.8450012207;362.2319946289;349.4649963379;359.1870117188;54160500;5355891235.05;"2015-12-02T23:59:59.999Z"
"2015-12-01T00:00:00.000Z";"2015-12-01T23:59:59.999Z";"2015-12-01T05:04:20.000Z";"2015-12-01T17:24:23.000Z";"2781";377.4140014648;378.9309997559;356.5629882813;362.4880065918;60452200;5403653927;"2015-12-01T23:59:59.999Z"
"2015-11-30T00:00:00.000Z";"2015-11-30T23:59:59.999Z";"2015-11-30T09:14:22.000Z";"2015-11-30T14:34:26.000Z";"2781";371.4370117188;382.3630065918;370.3829956055;377.3210144043;71701600;5623195996.95;"2015-11-30T23:59:59.999Z"
"2015-11-29T00:00:00.000Z";"2015-11-29T23:59:59.999Z";"2015-11-29T22:59:21.000Z";"2015-11-29T04:59:22.000Z";"2781";357.4719848633;371.9389953613;355.6659851074;371.2940063477;40409300;5531872176.6;"2015-11-29T23:59:59.999Z"
"2015-11-28T00:00:00.000Z";"2015-11-28T23:59:59.999Z";"2015-11-28T05:49:19.000Z";"2015-11-28T00:34:21.000Z";"2781";357.1409912109;359.5360107422;352.1719970703;357.3810119629;36816600;5323252536.67;"2015-11-28T23:59:59.999Z"
"2015-11-27T00:00:00.000Z";"2015-11-27T23:59:59.999Z";"2015-11-27T10:54:20.000Z";"2015-11-27T04:04:22.000Z";"2781";351.8609924316;363.5889892578;347.8699951172;358.0419921875;55179100;5331719785.65;"2015-11-27T23:59:59.999Z"
"2015-11-26T00:00:00.000Z";"2015-11-26T23:59:59.999Z";"2015-11-26T12:39:21.000Z";"2015-11-26T00:09:21.000Z";"2781";328.3030090332;366.7569885254;328.2290039063;352.6839904785;106105000;5250750574.9;"2015-11-26T23:59:59.999Z"
"2015-11-25T00:00:00.000Z";"2015-11-25T23:59:59.999Z";"2015-11-25T21:09:22.000Z";"2015-11-25T03:39:22.000Z";"2781";320.0450134277;329.1340026855;316.7699890137;328.2059936523;41666900;4884886821.6;"2015-11-25T23:59:59.999Z"
"2015-11-24T00:00:00.000Z";"2015-11-24T23:59:59.999Z";"2015-11-24T00:29:21.000Z";"2015-11-24T02:14:18.000Z";"2781";323.0140075684;323.058013916;318.1180114746;320.0459899902;29362600;4762244474.25;"2015-11-24T23:59:59.999Z"
"2015-11-23T00:00:00.000Z";"2015-11-23T23:59:59.999Z";"2015-11-23T14:59:22.000Z";"2015-11-23T07:34:26.000Z";"2781";324.3500061035;325.1180114746;321.2900085449;323.0459899902;27478900;4805632296;"2015-11-23T23:59:59.999Z"
"2015-11-22T00:00:00.000Z";"2015-11-22T23:59:59.999Z";"2015-11-22T00:14:21.000Z";"2015-11-22T13:59:21.000Z";"2781";326.9750061035;327.0100097656;321.2590026855;324.5360107422;23439400;4826466938.4;"2015-11-22T23:59:59.999Z"
"2015-11-21T00:00:00.000Z";"2015-11-21T23:59:59.999Z";"2015-11-21T09:54:20.000Z";"2015-11-21T01:29:25.000Z";"2781";322.092010498;328.158996582;319.5950012207;326.9270019531;28200500;4860628038.38;"2015-11-21T23:59:59.999Z"
"2015-11-20T00:00:00.000Z";"2015-11-20T23:59:59.999Z";"2015-11-20T00:34:26.000Z";"2015-11-20T02:04:21.000Z";"2781";326.4110107422;326.4729919434;312.217010498;322.0220031738;53152900;4786301542.05;"2015-11-20T23:59:59.999Z"
"2015-11-19T00:00:00.000Z";"2015-11-19T23:59:59.999Z";"2015-11-19T00:34:24.000Z";"2015-11-19T23:14:20.000Z";"2781";334.6789855957;335.3340148926;325.2730102539;326.1489868164;45011100;4846272452.18;"2015-11-19T23:59:59.999Z"
"2015-11-18T00:00:00.000Z";"2015-11-18T23:59:59.999Z";"2015-11-18T22:39:25.000Z";"2015-11-18T05:54:20.000Z";"2781";334.5929870605;336.5310058594;330.6400146484;334.5899963379;43783800;4970560298.25;"2015-11-18T23:59:59.999Z"
"2015-11-17T00:00:00.000Z";"2015-11-17T23:59:59.999Z";"2015-11-17T02:54:20.000Z";"2015-11-17T00:24:20.000Z";"2781";330.3619995117;338.3500061035;329.6140136719;335.0939941406;51001600;4976765823.9;"2015-11-17T23:59:59.999Z"
"2015-11-16T00:00:00.000Z";"2015-11-16T23:59:59.999Z";"2015-11-16T21:59:21.000Z";"2015-11-16T02:14:22.000Z";"2781";319.7349853516;331.6260070801;315.9049987793;330.7510070801;47980100;4911040460.65;"2015-11-16T23:59:59.999Z"
"2015-11-15T00:00:00.000Z";"2015-11-15T23:59:59.999Z";"2015-11-15T01:59:21.000Z";"2015-11-15T14:29:21.000Z";"2781";333.050994873;334.6619873047;317.4899902344;320.1659851074;44213100;4752464062.5;"2015-11-15T23:59:59.999Z"
"2015-11-14T00:00:00.000Z";"2015-11-14T23:59:59.999Z";"2015-11-14T00:29:20.000Z";"2015-11-14T15:09:20.000Z";"2781";336.6239929199;338.1809997559;329.9700012207;332.9060058594;38612000;4940266781.45;"2015-11-14T23:59:59.999Z"
"2015-11-13T00:00:00.000Z";"2015-11-13T23:59:59.999Z";"2015-11-13T01:39:20.000Z";"2015-11-13T12:29:20.000Z";"2781";338.4979858398;340.9140014648;326.075012207;336.7529907227;52003000;4996160115.07;"2015-11-13T23:59:59.999Z"
"2015-11-12T00:00:00.000Z";"2015-11-12T23:59:59.999Z";"2015-11-12T09:44:24.000Z";"2015-11-12T00:29:21.000Z";"2781";314.0790100098;345.0809936523;313.3559875488;338.1520080566;78477800;5015563455.8;"2015-11-12T23:59:59.999Z"
"2015-11-11T00:00:00.000Z";"2015-11-11T23:59:59.999Z";"2015-11-11T00:29:20.000Z";"2015-11-11T02:59:21.000Z";"2781";339.8200073242;340.5849914551;300.9970092773;311.0840148926;107070000;4612831323;"2015-11-11T23:59:59.999Z"
"2015-11-10T00:00:00.000Z";"2015-11-10T23:59:59.999Z";"2015-11-10T07:29:21.000Z";"2015-11-10T22:49:20.000Z";"2781";379.9840087891;381.3869934082;329.108001709;336.8190002441;95797904;4993021696.95;"2015-11-10T23:59:59.999Z"
"2015-11-09T00:00:00.000Z";"2015-11-09T23:59:59.999Z";"2015-11-09T12:24:21.000Z";"2015-11-09T01:54:20.000Z";"2781";374.324005127;385.2780151367;362.8949890137;380.2569885254;68224400;5635560842.8;"2015-11-09T23:59:59.999Z"
"2015-11-08T00:00:00.000Z";"2015-11-08T23:59:59.999Z";"2015-11-08T02:34:21.000Z";"2015-11-08T22:24:21.000Z";"2781";384.2780151367;389.8949890137;368.700012207;373.3680114746;51817600;5532072311.4;"2015-11-08T23:59:59.999Z"
"2015-11-07T00:00:00.000Z";"2015-11-07T23:59:59.999Z";"2015-11-07T10:59:20.000Z";"2015-11-07T00:19:19.000Z";"2781";374.2690124512;390.5859985352;372.433013916;386.4819946289;56625100;5725035162.4;"2015-11-07T23:59:59.999Z"
"2015-11-06T00:00:00.000Z";"2015-11-06T23:59:59.999Z";"2015-11-06T17:29:22.000Z";"2015-11-06T05:14:20.000Z";"2781";388.0469970703;395.8359985352;354.0249938965;374.4700012207;122687000;5545657294.5;"2015-11-06T23:59:59.999Z"
"2015-11-05T00:00:00.000Z";"2015-11-05T23:59:59.999Z";"2015-11-05T03:34:20.000Z";"2015-11-05T08:54:21.000Z";"2781";408.0769958496;447.5610046387;374.5809936523;386.3540039063;151824992;5720251076.65;"2015-11-05T23:59:59.999Z"
"2015-11-04T00:00:00.000Z";"2015-11-04T23:59:59.999Z";"2015-11-04T13:54:20.000Z";"2015-11-04T22:49:21.000Z";"2781";403.6640014648;495.5620117188;380.5480041504;411.5629882813;263900000;6092006971.38;"2015-11-04T23:59:59.999Z"
"2015-11-03T00:00:00.000Z";"2015-11-03T23:59:59.999Z";"2015-11-03T19:04:22.000Z";"2015-11-03T01:09:21.000Z";"2781";361.8729858398;417.8999938965;357.6470031738;403.4169921875;206162000;5969855534.82;"2015-11-03T23:59:59.999Z"
"2015-11-02T00:00:00.000Z";"2015-11-02T23:59:59.999Z";"2015-11-02T23:09:21.000Z";"2015-11-02T01:29:21.000Z";"2781";325.941986084;365.3599853516;323.2090148926;361.1889953613;101918000;5343556482.15;"2015-11-02T23:59:59.999Z"
"2015-11-01T00:00:00.000Z";"2015-11-01T23:59:59.999Z";"2015-11-01T23:29:21.000Z";"2015-11-01T03:59:22.000Z";"2781";315.0050048828;327.4719848633;311.8810119629;325.4309997559;37001100;4813287205.5;"2015-11-01T23:59:59.999Z"
"2015-10-31T00:00:00.000Z";"2015-10-31T23:59:59.999Z";"2015-10-31T00:49:25.000Z";"2015-10-31T18:24:20.000Z";"2781";328.5119934082;332.7770080566;309.2510070801;314.1659851074;48598100;4645486246.35;"2015-10-31T23:59:59.999Z"
"2015-10-30T00:00:00.000Z";"2015-10-30T23:59:59.999Z";"2015-10-30T08:14:21.000Z";"2015-10-30T00:24:20.000Z";"2781";313.9429931641;334.1690063477;313.9400024414;328.0150146484;78305000;4849062145.75;"2015-10-30T23:59:59.999Z"
"2015-10-29T00:00:00.000Z";"2015-10-29T23:59:59.999Z";"2015-10-29T16:24:20.000Z";"2015-10-29T00:24:21.000Z";"2781";304.324005127;318.1700134277;301.8229980469;313.8550109863;64495900;4638392427.62;"2015-10-29T23:59:59.999Z"
"2015-10-28T00:00:00.000Z";"2015-10-28T23:59:59.999Z";"2015-10-28T15:49:21.000Z";"2015-10-28T00:04:40.000Z";"2781";293.7030029297;306.3309936523;293.7030029297;304.6180114746;50808100;4500730950;"2015-10-28T23:59:59.999Z"
"2015-10-27T00:00:00.000Z";"2015-10-27T23:59:59.999Z";"2015-10-27T21:54:20.000Z";"2015-10-27T00:09:21.000Z";"2781";285.1809997559;296.2120056152;285.0079956055;293.7879943848;46331800;4339689442;"2015-10-27T23:59:59.999Z"
"2015-10-26T00:00:00.000Z";"2015-10-26T23:59:59.999Z";"2015-10-26T23:59:21.000Z";"2015-10-26T04:59:31.000Z";"2781";283.6279907227;285.299987793;280.5100097656;285.299987793;32108800;4213260472.5;"2015-10-26T23:59:59.999Z"
"2015-10-25T00:00:00.000Z";"2015-10-25T23:59:59.999Z";"2015-10-25T14:59:22.000Z";"2015-10-25T00:04:21.000Z";"2781";281.4450073242;294.0589904785;281.4450073242;283.6799926758;45717100;4188180600;"2015-10-25T23:59:59.999Z"
"2015-10-24T00:00:00.000Z";"2015-10-24T23:59:59.999Z";"2015-10-24T23:54:20.000Z";"2015-10-24T00:04:21.000Z";"2781";276.5039978027;281.7059936523;276.5039978027;281.6539916992;25942400;4157184874.6;"2015-10-24T23:59:59.999Z"
"2015-10-23T00:00:00.000Z";"2015-10-23T23:59:59.999Z";"2015-10-23T08:24:21.000Z";"2015-10-23T00:09:20.000Z";"2781";273.6489868164;278.6839904785;273.5429992676;276.4960021973;29442500;4080023362.8;"2015-10-23T23:59:59.999Z"
"2015-10-22T00:00:00.000Z";"2015-10-22T23:59:59.999Z";"2015-10-22T11:29:21.000Z";"2015-10-22T03:34:20.000Z";"2781";266.4960021973;276.5100097656;266.1350097656;274.0230102539;37808600;4042524307.5;"2015-10-22T23:59:59.999Z"
"2015-10-21T00:00:00.000Z";"2015-10-21T23:59:59.999Z";"2015-10-21T05:44:21.000Z";"2015-10-21T10:29:20.000Z";"2781";269.3059997559;270.7699890137;263.8389892578;266.2720031738;25637300;3927192473.6;"2015-10-21T23:59:59.999Z"
"2015-10-20T00:00:00.000Z";"2015-10-20T23:59:59.999Z";"2015-10-20T18:39:22.000Z";"2015-10-20T04:29:23.000Z";"2781";263.5719909668;270.8349914551;263.2269897461;269.4630126953;30889800;3973292564.18;"2015-10-20T23:59:59.999Z"
"2015-10-19T00:00:00.000Z";"2015-10-19T23:59:59.999Z";"2015-10-19T04:04:23.000Z";"2015-10-19T06:24:22.000Z";"2781";261.8609924316;264.8200073242;260.9509887695;263.4370117188;25258800;3883581668.08;"2015-10-19T23:59:59.999Z"
"2015-10-18T00:00:00.000Z";"2015-10-18T23:59:59.999Z";"2015-10-18T01:44:23.000Z";"2015-10-18T15:44:22.000Z";"2781";270.9070129395;271.6679992676;260.7770080566;261.6430053711;22434300;3856061828.62;"2015-10-18T23:59:59.999Z"
"2015-10-17T00:00:00.000Z";"2015-10-17T23:59:59.999Z";"2015-10-17T14:14:24.000Z";"2015-10-17T00:19:23.000Z";"2781";262.7470092773;273.5780029297;262.3670043945;270.6400146484;43199600;3987684186;"2015-10-17T23:59:59.999Z"
"2015-10-16T00:00:00.000Z";"2015-10-16T23:59:59.999Z";"2015-10-16T17:34:40.000Z";"2015-10-16T00:44:34.000Z";"2781";254.296005249;266.1350097656;253.925994873;262.8689880371;35901500;3872283808.65;"2015-10-16T23:59:59.999Z"
"2015-10-15T00:00:00.000Z";"2015-10-15T23:59:59.999Z";"2015-10-15T15:24:24.000Z";"2015-10-15T00:34:23.000Z";"2781";252.1069946289;255.9620056152;252.046005249;254.3200073242;25223500;3745440578;"2015-10-15T23:59:59.999Z"
"2015-10-14T00:00:00.000Z";"2015-10-14T23:59:59.999Z";"2015-10-14T18:29:23.000Z";"2015-10-14T03:39:23.000Z";"2781";249.4929962158;254.2749938965;248.9029998779;251.9889984131;27462600;3710065545.62;"2015-10-14T23:59:59.999Z"
"2015-10-13T00:00:00.000Z";"2015-10-13T23:59:59.999Z";"2015-10-13T12:24:22.000Z";"2015-10-13T02:24:34.000Z";"2781";245.1999969482;250.2359924316;243.7570037842;249.5079956055;28198500;3672589342.1;"2015-10-13T23:59:59.999Z"
"2015-10-12T00:00:00.000Z";"2015-10-12T23:59:59.999Z";"2015-10-12T03:29:22.000Z";"2015-10-12T13:14:22.000Z";"2781";246.875;247.453994751;245.1790008545;245.3079986572;17388300;3609927997.2;"2015-10-12T23:59:59.999Z"
"2015-10-11T00:00:00.000Z";"2015-10-11T23:59:59.999Z";"2015-10-11T22:39:21.000Z";"2015-10-11T10:39:22.000Z";"2781";244.7420043945;247.2429962158;244.1519927979;247.0500030518;16827300;3634686067.5;"2015-10-11T23:59:59.999Z"
"2015-10-10T00:00:00.000Z";"2015-10-10T23:59:59.999Z";"2015-10-10T04:04:22.000Z";"2015-10-10T09:59:24.000Z";"2781";243.7400054932;245.3190002441;243.074005127;244.9409942627;15912700;3602763686.7;"2015-10-10T23:59:59.999Z"
"2015-10-09T00:00:00.000Z";"2015-10-09T23:59:59.999Z";"2015-10-09T18:14:24.000Z";"2015-10-09T00:54:21.000Z";"2781";242.4980010986;244.2279968262;242.1219940186;243.9309997559;17353100;3586932175.7;"2015-10-09T23:59:59.999Z"
"2015-10-08T00:00:00.000Z";"2015-10-08T23:59:59.999Z";"2015-10-08T04:49:22.000Z";"2015-10-08T09:59:32.000Z";"2781";243.0749969482;244.2510070801;242.1790008545;242.3040008545;18515300;3562238313.6;"2015-10-08T23:59:59.999Z"
"2015-10-07T00:00:00.000Z";"2015-10-07T23:59:59.999Z";"2015-10-07T00:39:22.000Z";"2015-10-07T23:24:21.000Z";"2781";246.1699981689;246.6809997559;242.5850067139;242.9689941406;22999200;3571170510.45;"2015-10-07T23:59:59.999Z"
"2015-10-06T00:00:00.000Z";"2015-10-06T23:59:59.999Z";"2015-10-06T15:29:24.000Z";"2015-10-06T01:09:24.000Z";"2781";240.3639984131;246.9349975586;240.1360015869;246.06300354;27535100;3615828117.67;"2015-10-06T23:59:59.999Z"
"2015-10-05T00:00:00.000Z";"2015-10-05T23:59:59.999Z";"2015-10-05T23:59:22.000Z";"2015-10-05T08:14:23.000Z";"2781";238.1470031738;240.3829956055;237.0350036621;240.3829956055;23335900;3531508720.03;"2015-10-05T23:59:59.999Z"
"2015-10-04T00:00:00.000Z";"2015-10-04T23:59:59.999Z";"2015-10-04T04:54:21.000Z";"2015-10-04T22:24:24.000Z";"2781";238.5310058594;238.9680023193;237.9400024414;238.2590026855;12999000;3499387367.17;"2015-10-04T23:59:59.999Z"
"2015-10-03T00:00:00.000Z";"2015-10-03T23:59:59.999Z";"2015-10-03T21:09:21.000Z";"2015-10-03T05:39:22.000Z";"2781";237.2019958496;239.3150024414;236.9440002441;238.7299957275;16482700;3505385986.75;"2015-10-03T23:59:59.999Z"
"2015-10-02T00:00:00.000Z";"2015-10-02T23:59:59.999Z";"2015-10-02T10:14:21.000Z";"2015-10-02T15:39:22.000Z";"2781";237.2640075684;238.5410003662;236.6029968262;237.2929992676;19677900;3483431578.38;"2015-10-02T23:59:59.999Z"
"2015-10-01T00:00:00.000Z";"2015-10-01T23:59:59.999Z";"2015-10-01T16:04:23.000Z";"2015-10-01T10:19:24.000Z";"2781";236.0039978027;238.4450073242;235.6159973145;237.5489959717;20488800;3486370082.33;"2015-10-01T23:59:59.999Z"
"2015-09-30T00:00:00.000Z";"2015-09-30T23:59:59.999Z";"2015-09-30T04:04:22.000Z";"2015-09-30T08:49:22.000Z";"2781";236.6399993896;237.7339935303;235.6289978027;236.0599975586;19743500;3463625759;"2015-09-30T23:59:59.999Z"
"2015-09-29T00:00:00.000Z";"2015-09-29T23:59:59.999Z";"2015-09-29T00:44:22.000Z";"2015-09-29T12:14:24.000Z";"2781";239.0160064697;239.8020019531;235.9279937744;236.68699646;22691300;3471967520.18;"2015-09-29T23:59:59.999Z"
"2015-09-28T00:00:00.000Z";"2015-09-28T23:59:59.999Z";"2015-09-28T23:34:24.000Z";"2015-09-28T00:29:22.000Z";"2781";232.8359985352;239.3390045166;232.4669952393;239.141998291;24713000;3506933730.3;"2015-09-28T23:59:59.999Z"
"2015-09-27T00:00:00.000Z";"2015-09-27T23:59:59.999Z";"2015-09-27T07:19:21.000Z";"2015-09-27T21:19:23.000Z";"2781";234.1390075684;234.5260009766;232.4759979248;232.7570037842;14179900;3412467833.78;"2015-09-27T23:59:59.999Z"
"2015-09-26T00:00:00.000Z";"2015-09-26T23:59:59.999Z";"2015-09-26T02:44:22.000Z";"2015-09-26T17:14:22.000Z";"2781";235.0760040283;235.4029998779;233.358001709;234.3399963379;13724100;3434809257.5;"2015-09-26T23:59:59.999Z"
"2015-09-25T00:00:00.000Z";"2015-09-25T23:59:59.999Z";"2015-09-25T12:49:22.000Z";"2015-09-25T03:34:24.000Z";"2781";234.3619995117;237.4270019531;233.6840057373;235.1439971924;22363600;3445723754.2;"2015-09-25T23:59:59.999Z"
"2015-09-24T00:00:00.000Z";"2015-09-24T23:59:59.999Z";"2015-09-24T21:24:22.000Z";"2015-09-24T00:09:21.000Z";"2781";230.358001709;235.6490020752;230.2949981689;234.529006958;25097800;3435744311.95;"2015-09-24T23:59:59.999Z"
"2015-09-23T00:00:00.000Z";"2015-09-23T23:59:59.999Z";"2015-09-23T01:59:26.000Z";"2015-09-23T10:54:23.000Z";"2781";230.9360046387;231.8350067139;229.591003418;230.2830047607;17254100;3372747846.3;"2015-09-23T23:59:59.999Z"
"2015-09-22T00:00:00.000Z";"2015-09-22T23:59:59.999Z";"2015-09-22T09:54:22.000Z";"2015-09-22T07:49:23.000Z";"2781";226.9689941406;232.3860015869;225.1170043945;230.6179962158;25009300;3376737583.25;"2015-09-22T23:59:59.999Z"
"2015-09-21T00:00:00.000Z";"2015-09-21T23:59:59.999Z";"2015-09-21T00:04:22.000Z";"2015-09-21T22:49:23.000Z";"2781";231.2169952393;231.2169952393;226.5209960938;227.0850067139;19678800;3324121324.12;"2015-09-21T23:59:59.999Z"
"2015-09-20T00:00:00.000Z";"2015-09-20T23:59:59.999Z";"2015-09-20T09:19:22.000Z";"2015-09-20T05:34:23.000Z";"2781";231.3990020752;232.3650054932;230.9100036621;231.2120056152;14444700;3383764498.8;"2015-09-20T23:59:59.999Z"
"2015-09-19T00:00:00.000Z";"2015-09-19T23:59:59.999Z";"2015-09-19T01:04:23.000Z";"2015-09-19T15:04:22.000Z";"2781";232.858001709;233.2050018311;231.0890045166;231.4929962158;12712600;3387141915.42;"2015-09-19T23:59:59.999Z"
"2015-09-18T00:00:00.000Z";"2015-09-18T23:59:59.999Z";"2015-09-18T09:14:21.000Z";"2015-09-18T12:34:21.000Z";"2781";233.5209960938;234.3529968262;232.1849975586;232.9750061035;20242200;3408098085;"2015-09-18T23:59:59.999Z"
"2015-09-17T00:00:00.000Z";"2015-09-17T23:59:59.999Z";"2015-09-17T02:39:21.000Z";"2015-09-17T00:24:22.000Z";"2781";229.0760040283;230.2850036621;228.925994873;229.8099975586;18935400;3360247348.5;"2015-09-17T23:59:59.999Z"
"2015-09-16T00:00:00.000Z";"2015-09-16T23:59:59.999Z";"2015-09-16T04:04:23.000Z";"2015-09-16T11:49:21.000Z";"2781";230.25;231.2149963379;227.4019927979;229.091003418;20144200;3349613965.58;"2015-09-16T23:59:59.999Z"
"2015-09-15T00:00:00.000Z";"2015-09-15T23:59:59.999Z";"2015-09-15T19:29:23.000Z";"2015-09-15T22:39:22.000Z";"2781";230.4920043945;259.1820068359;229.8220062256;230.3040008545;19177800;3366532053.6;"2015-09-15T23:59:59.999Z"
"2015-09-14T00:00:00.000Z";"2015-09-14T23:59:59.999Z";"2015-09-14T14:39:24.000Z";"2015-09-14T02:29:21.000Z";"2781";230.6089935303;232.4400024414;227.9609985352;230.6439971924;20997800;3370579521.1;"2015-09-14T23:59:59.999Z"
"2015-09-13T00:00:00.000Z";"2015-09-13T23:59:59.999Z";"2015-09-13T00:54:22.000Z";"2015-09-13T22:59:21.000Z";"2781";235.2420043945;235.9349975586;229.3320007324;230.5119934082;18478800;3367774557.2;"2015-09-13T23:59:59.999Z"
"2015-09-12T00:00:00.000Z";"2015-09-12T23:59:59.999Z";"2015-09-12T00:54:21.000Z";"2015-09-12T19:09:21.000Z";"2781";239.8549957275;240.1239929199;234.7539978027;235.2290039063;17962600;3435801819.8;"2015-09-12T23:59:59.999Z"
"2015-09-11T00:00:00.000Z";"2015-09-11T23:59:59.999Z";"2015-09-11T08:54:20.000Z";"2015-09-11T00:04:22.000Z";"2781";238.328994751;241.1690063477;238.328994751;240.1069946289;19224700;3506204486.22;"2015-09-11T23:59:59.999Z"
"2015-09-10T00:00:00.000Z";"2015-09-10T23:59:59.999Z";"2015-09-10T14:04:22.000Z";"2015-09-10T06:29:21.000Z";"2781";238.3359985352;241.2929992676;235.7910003662;238.4770050049;21215500;3481466103.75;"2015-09-10T23:59:59.999Z"
"2015-09-09T00:00:00.000Z";"2015-09-09T23:59:59.999Z";"2015-09-09T04:09:21.000Z";"2015-09-09T11:04:21.000Z";"2781";243.4149932861;244.4160003662;237.8209991455;238.1679992676;23635700;3475960738.6;"2015-09-09T23:59:59.999Z"
"2015-09-08T00:00:00.000Z";"2015-09-08T23:59:59.999Z";"2015-09-08T10:29:23.000Z";"2015-09-08T01:09:23.000Z";"2781";239.845993042;245.7810058594;239.6779937744;243.6069946289;26879200;3554439286.12;"2015-09-08T23:59:59.999Z"
"2015-09-07T00:00:00.000Z";"2015-09-07T23:59:59.999Z";"2015-09-07T13:34:22.000Z";"2015-09-07T05:34:22.000Z";"2781";239.9340057373;242.1060028076;238.7220001221;239.8470001221;21192200;3498762116.33;"2015-09-07T23:59:59.999Z"
"2015-09-06T00:00:00.000Z";"2015-09-06T23:59:59.999Z";"2015-09-06T14:49:21.000Z";"2015-09-06T00:39:23.000Z";"2781";234.8699951172;242.9120025635;234.6809997559;239.8399963379;25473700;3497748612;"2015-09-06T23:59:59.999Z"
"2015-09-05T00:00:00.000Z";"2015-09-05T23:59:59.999Z";"2015-09-05T16:29:22.000Z";"2015-09-05T01:39:21.000Z";"2781";230.199005127;236.1430053711;229.4429931641;235.0189971924;20671400;3426594646.43;"2015-09-05T23:59:59.999Z"
"2015-09-04T00:00:00.000Z";"2015-09-04T23:59:59.999Z";"2015-09-04T23:09:21.000Z";"2015-09-04T00:24:21.000Z";"2781";227.2149963379;230.8999938965;227.050994873;230.2980041504;20962400;3356910009.75;"2015-09-04T23:59:59.999Z"
"2015-09-03T00:00:00.000Z";"2015-09-03T23:59:59.999Z";"2015-09-03T02:39:21.000Z";"2015-09-03T10:39:23.000Z";"2781";229.324005127;229.6049957275;226.6670074463;227.1829986572;17482000;3310618587.92;"2015-09-03T23:59:59.999Z"
"2015-09-02T00:00:00.000Z";"2015-09-02T23:59:59.999Z";"2015-09-02T18:09:21.000Z";"2015-09-02T04:59:21.000Z";"2781";228.0269927979;230.5769958496;226.4750061035;229.283996582;18760400;3340404203.4;"2015-09-02T23:59:59.999Z"
"2015-09-01T00:00:00.000Z";"2015-09-01T23:59:59.999Z";"2015-09-01T00:49:21.000Z";"2015-09-01T10:39:23.000Z";"2781";230.2559967041;231.216003418;226.8600006104;228.1210021973;20575200;3322548146.85;"2015-09-01T23:59:59.999Z"
"2015-08-31T00:00:00.000Z";"2015-08-31T23:59:59.999Z";"2015-08-31T19:09:22.000Z";"2015-08-31T08:39:20.000Z";"2781";229.1139984131;231.9559936523;225.9149932861;230.0559997559;20710700;3349845416;"2015-08-31T23:59:59.999Z"
"2015-08-30T00:00:00.000Z";"2015-08-30T23:59:59.999Z";"2015-08-30T03:14:21.000Z";"2015-08-30T16:19:23.000Z";"2781";229.8950042725;232.0679931641;226.2469940186;228.7610015869;19412600;3330085315.05;"2015-08-30T23:59:59.999Z"
"2015-08-29T00:00:00.000Z";"2015-08-29T23:59:59.999Z";"2015-08-29T05:49:21.000Z";"2015-08-29T22:24:21.000Z";"2781";231.5489959717;233.2220001221;227.3300018311;229.7799987793;17142500;3344063018.5;"2015-08-29T23:59:59.999Z"
"2015-08-28T00:00:00.000Z";"2015-08-28T23:59:59.999Z";"2015-08-28T17:59:22.000Z";"2015-08-28T01:39:23.000Z";"2781";224.7010040283;235.2189941406;220.925994873;231.3959960938;31336600;3366649822.8;"2015-08-28T23:59:59.999Z"
"2015-08-27T00:00:00.000Z";"2015-08-27T23:59:59.999Z";"2015-08-27T17:59:20.000Z";"2015-08-27T23:29:21.000Z";"2781";226.0500030518;228.6430053711;223.6840057373;224.7689971924;21905400;3269360631.83;"2015-08-27T23:59:59.999Z"
"2015-08-26T00:00:00.000Z";"2015-08-26T23:59:59.999Z";"2015-08-26T14:39:21.000Z";"2015-08-26T04:09:21.000Z";"2781";222.0760040283;231.1829986572;220.203994751;225.8309936523;31808000;3284040047.77;"2015-08-26T23:59:59.999Z"
"2015-08-25T00:00:00.000Z";"2015-08-25T23:59:59.999Z";"2015-08-25T20:19:22.000Z";"2015-08-25T00:54:21.000Z";"2781";210.0679931641;226.3209991455;199.5670013428;221.6089935303;61089200;3221751642;"2015-08-25T23:59:59.999Z"
"2015-08-24T00:00:00.000Z";"2015-08-24T23:59:59.999Z";"2015-08-24T00:24:21.000Z";"2015-08-24T23:44:21.000Z";"2781";228.1119995117;228.1390075684;210.4429931641;210.4949951172;59220700;3059460627;"2015-08-24T23:59:59.999Z"
"2015-08-23T00:00:00.000Z";"2015-08-23T23:59:59.999Z";"2015-08-23T02:49:23.000Z";"2015-08-23T17:24:22.000Z";"2781";230.3760070801;232.7050018311;225.5800018311;228.1690063477;18406600;3315466696.75;"2015-08-23T23:59:59.999Z"
"2015-08-22T00:00:00.000Z";"2015-08-22T23:59:59.999Z";"2015-08-22T02:04:25.000Z";"2015-08-22T18:29:22.000Z";"2781";232.6620025635;234.9570007324;222.703994751;230.3899993896;23205900;3346961926.25;"2015-08-22T23:59:59.999Z"
"2015-08-21T00:00:00.000Z";"2015-08-21T23:59:59.999Z";"2015-08-21T08:24:21.000Z";"2015-08-21T16:29:22.000Z";"2781";235.3549957275;236.4320068359;231.7239990234;232.5690002441;23173800;3377704243.05;"2015-08-21T23:59:59.999Z"
"2015-08-20T00:00:00.000Z";"2015-08-20T23:59:59.999Z";"2015-08-20T10:39:20.000Z";"2015-08-20T00:04:21.000Z";"2781";226.8990020752;237.3650054932;226.8990020752;235.3500061035;32275000;3417123138.75;"2015-08-20T23:59:59.999Z"
"2015-08-19T00:00:00.000Z";"2015-08-19T23:59:59.999Z";"2015-08-19T02:04:20.000Z";"2015-08-19T21:34:22.000Z";"2781";225.671005249;237.408996582;222.7660064697;226.6840057373;60869200;3290448603.3;"2015-08-19T23:59:59.999Z"
"2015-08-18T00:00:00.000Z";"2015-08-18T23:59:59.999Z";"2015-08-18T00:14:21.000Z";"2015-08-18T23:59:21.000Z";"2781";257.925994873;257.9930114746;211.078994751;211.078994751;42147200;3063104570.35;"2015-08-18T23:59:59.999Z"
"2015-08-17T00:00:00.000Z";"2015-08-17T23:59:59.999Z";"2015-08-17T05:49:21.000Z";"2015-08-17T12:34:27.000Z";"2781";258.4899902344;260.5050048828;257.1170043945;257.9760131836;21617900;3742748055;"2015-08-17T23:59:59.999Z"
"2015-08-16T00:00:00.000Z";"2015-08-16T23:59:59.999Z";"2015-08-16T03:24:21.000Z";"2015-08-16T08:14:22.000Z";"2781";261.8659973145;262.4400024414;257.0409851074;258.5069885254;29717000;3749501856.15;"2015-08-16T23:59:59.999Z"
"2015-08-15T00:00:00.000Z";"2015-08-15T23:59:59.999Z";"2015-08-15T05:44:22.000Z";"2015-08-15T23:44:22.000Z";"2781";265.5289916992;266.6669921875;261.2959899902;261.550994873;19321100;3792757589.77;"2015-08-15T23:59:59.999Z"
"2015-08-14T00:00:00.000Z";"2015-08-14T23:59:59.999Z";"2015-08-14T17:54:23.000Z";"2015-08-14T03:09:20.000Z";"2781";264.1319885254;267.466003418;261.4779968262;265.6799926758;27091200;3851715726;"2015-08-14T23:59:59.999Z"
"2015-08-13T00:00:00.000Z";"2015-08-13T23:59:59.999Z";"2015-08-13T01:39:20.000Z";"2015-08-13T11:49:20.000Z";"2781";266.183013916;266.2319946289;262.841003418;264.0799865723;27685500;3827588724;"2015-08-13T23:59:59.999Z"
"2015-08-12T00:00:00.000Z";"2015-08-12T23:59:59.999Z";"2015-08-12T03:09:22.000Z";"2015-08-12T12:44:21.000Z";"2781";270.5979919434;270.6730041504;265.4689941406;266.3760070801;26815400;3859888131;"2015-08-12T23:59:59.999Z"
"2015-08-11T00:00:00.000Z";"2015-08-11T23:59:59.999Z";"2015-08-11T23:59:22.000Z";"2015-08-11T02:44:21.000Z";"2781";264.342010498;270.3859863281;264.0939941406;270.3859863281;25433900;3917142818.85;"2015-08-11T23:59:59.999Z"
"2015-08-10T00:00:00.000Z";"2015-08-10T23:59:59.999Z";"2015-08-10T09:09:22.000Z";"2015-08-10T13:34:21.000Z";"2781";265.4779968262;267.0320129395;262.5960083008;264.4700012207;20979400;3830352068.75;"2015-08-10T23:59:59.999Z"
"2015-08-09T00:00:00.000Z";"2015-08-09T23:59:59.999Z";"2015-08-09T14:49:22.000Z";"2015-08-09T00:44:21.000Z";"2781";261.1159973145;267.0029907227;260.4679870605;265.0830078125;23789600;3838130129.93;"2015-08-09T23:59:59.999Z"
"2015-08-08T00:00:00.000Z";"2015-08-08T23:59:59.999Z";"2015-08-08T00:14:21.000Z";"2015-08-08T23:39:21.000Z";"2781";279.7420043945;279.9280090332;260.7099914551;260.9970092773;58533000;3778049023.65;"2015-08-08T23:59:59.999Z"
"2015-08-07T00:00:00.000Z";"2015-08-07T23:59:59.999Z";"2015-08-07T16:29:22.000Z";"2015-08-07T04:29:22.000Z";"2781";278.7409973145;280.391998291;276.3659973145;279.5849914551;42484800;4045993358.62;"2015-08-07T23:59:59.999Z"
"2015-08-06T00:00:00.000Z";"2015-08-06T23:59:59.999Z";"2015-08-06T00:04:22.000Z";"2015-08-06T16:34:30.000Z";"2781";281.9060058594;281.9060058594;278.4030151367;278.5769958496;18792100;4030445071.57;"2015-08-06T23:59:59.999Z"
"2015-08-05T00:00:00.000Z";"2015-08-05T23:59:59.999Z";"2015-08-05T02:44:20.000Z";"2015-08-05T11:09:22.000Z";"2781";284.8469848633;285.5010070801;281.4880065918;281.8819885254;20128000;4077254000.8;"2015-08-05T23:59:59.999Z"
"2015-08-04T00:00:00.000Z";"2015-08-04T23:59:59.999Z";"2015-08-04T18:24:22.000Z";"2015-08-04T00:04:25.000Z";"2781";281.2250061035;285.7149963379;281.2250061035;285.2179870605;21908700;4124558889.35;"2015-08-04T23:59:59.999Z"
"2015-08-03T00:00:00.000Z";"2015-08-03T23:59:59.999Z";"2015-08-03T20:59:29.000Z";"2015-08-03T03:29:23.000Z";"2781";282.8059997559;285.4710083008;280.233001709;281.2269897461;21474100;4065895597.9;"2015-08-03T23:59:59.999Z"
"2015-08-02T00:00:00.000Z";"2015-08-02T23:59:59.999Z";"2015-08-02T23:09:21.000Z";"2015-08-02T05:34:22.000Z";"2781";280.449005127;283.0320129395;277.5289916992;282.6140136719;17722200;4084832102.5;"2015-08-02T23:59:59.999Z"
"2015-08-01T00:00:00.000Z";"2015-08-01T23:59:59.999Z";"2015-08-01T00:54:22.000Z";"2015-08-01T15:09:21.000Z";"2781";284.6860046387;284.9320068359;278.1119995117;281.6010131836;18995000;4069120369.95;"2015-08-01T23:59:59.999Z"
"2015-07-31T00:00:00.000Z";"2015-07-31T23:59:59.999Z";"2015-07-31T02:29:22.000Z";"2015-07-31T07:09:22.000Z";"2781";287.6960144043;288.9590148926;282.3439941406;284.6499938965;23629100;4112089481.25;"2015-07-31T23:59:59.999Z"
"2015-07-30T00:00:00.000Z";"2015-07-30T23:59:59.999Z";"2015-07-30T06:04:22.000Z";"2015-07-30T10:14:21.000Z";"2781";289.1029968262;290.1260070801;286.5679931641;287.7219848633;21635800;4155381826.7;"2015-07-30T23:59:59.999Z"
"2015-07-29T00:00:00.000Z";"2015-07-29T23:59:59.999Z";"2015-07-29T00:14:21.000Z";"2015-07-29T10:24:21.000Z";"2781";294.4840087891;294.5360107422;288.7770080566;289.5899963379;24672600;4181390010;"2015-07-29T23:59:59.999Z"
"2015-07-28T00:00:00.000Z";"2015-07-28T23:59:59.999Z";"2015-07-28T01:14:22.000Z";"2015-07-28T11:29:21.000Z";"2781";293.6329956055;296.6489868164;293.4230041504;294.4270019531;25453600;4250112630.4;"2015-07-28T23:59:59.999Z"
"2015-07-27T00:00:00.000Z";"2015-07-27T23:59:59.999Z";"2015-07-27T16:34:21.000Z";"2015-07-27T08:54:21.000Z";"2781";292.6390075684;297.7739868164;287.450012207;293.6239929199;30592000;4237522843.2;"2015-07-27T23:59:59.999Z"
"2015-07-26T00:00:00.000Z";"2015-07-26T23:59:59.999Z";"2015-07-26T12:04:22.000Z";"2015-07-26T08:54:21.000Z";"2781";288.6400146484;293.0520019531;287.7059936523;292.6860046387;16032300;4222888242.3;"2015-07-26T23:59:59.999Z"
"2015-07-25T00:00:00.000Z";"2015-07-25T23:59:59.999Z";"2015-07-25T13:29:21.000Z";"2015-07-25T01:54:21.000Z";"2781";288.1640014648;290.733001709;286.0020141602;288.6969909668;20662200;4164295441.65;"2015-07-25T23:59:59.999Z"
"2015-07-24T00:00:00.000Z";"2015-07-24T23:59:59.999Z";"2015-07-24T20:19:20.000Z";"2015-07-24T01:44:21.000Z";"2781";276.0050048828;289.2529907227;275.2539978027;288.2780151367;37199400;4157148933.75;"2015-07-24T23:59:59.999Z"
"2015-07-23T00:00:00.000Z";"2015-07-23T23:59:59.999Z";"2015-07-23T02:49:21.000Z";"2015-07-23T16:49:20.000Z";"2781";277.341003418;278.1109924316;275.716003418;276.0490112305;18531300;3979625902.37;"2015-07-23T23:59:59.999Z"
"2015-07-22T00:00:00.000Z";"2015-07-22T23:59:59.999Z";"2015-07-22T16:29:21.000Z";"2015-07-22T03:34:20.000Z";"2781";275.6570129395;277.6659851074;274.3810119629;277.2219848633;19389800;3995572963.8;"2015-07-22T23:59:59.999Z"
"2015-07-21T00:00:00.000Z";"2015-07-21T23:59:59.999Z";"2015-07-21T04:44:21.000Z";"2015-07-21T23:19:21.000Z";"2781";278.8819885254;280.5469970703;275.4190063477;275.8330078125;22930700;3974491488.65;"2015-07-21T23:59:59.999Z"
"2015-07-20T00:00:00.000Z";"2015-07-20T23:59:59.999Z";"2015-07-20T23:59:21.000Z";"2015-07-20T00:22:57.000Z";"2781";273.4989929199;278.9809875488;272.9599914551;278.9809875488;22711400;4018965413.38;"2015-07-20T23:59:59.999Z"
"2015-07-19T00:00:00.000Z";"2015-07-19T23:59:59.999Z";"2015-07-19T04:54:21.000Z";"2015-07-19T10:14:21.000Z";"2781";274.766998291;275.6700134277;272.5130004883;273.6140136719;15332500;3940581987.65;"2015-07-19T23:59:59.999Z"
"2015-07-18T00:00:00.000Z";"2015-07-18T23:59:59.999Z";"2015-07-18T09:54:20.000Z";"2015-07-18T17:19:21.000Z";"2781";279.3309936523;282.5270080566;274.075012207;274.9010009766;25187100;3958065833.15;"2015-07-18T23:59:59.999Z"
"2015-07-17T00:00:00.000Z";"2015-07-17T23:59:59.999Z";"2015-07-17T20:39:20.000Z";"2015-07-17T07:34:20.000Z";"2781";278.091003418;280.2799987793;272.0429992676;279.4719848633;27591400;4022845730.4;"2015-07-17T23:59:59.999Z"
"2015-07-16T00:00:00.000Z";"2015-07-16T23:59:59.999Z";"2015-07-16T00:39:21.000Z";"2015-07-16T17:34:20.000Z";"2781";286.0419921875;291.183013916;275.2399902344;278.0889892578;49482600;4001916228.97;"2015-07-16T23:59:59.999Z"
"2015-07-15T00:00:00.000Z";"2015-07-15T23:59:59.999Z";"2015-07-15T12:24:19.000Z";"2015-07-15T23:34:22.000Z";"2781";288.0450134277;293.2479858398;285.3670043945;285.8290100098;27486600;4112343300.33;"2015-07-15T23:59:59.999Z"
"2015-07-14T00:00:00.000Z";"2015-07-14T23:59:59.999Z";"2015-07-14T14:29:20.000Z";"2015-07-14T06:14:39.000Z";"2781";292.033996582;296.1470031738;286.6380004883;287.4639892578;28727200;4134767190.4;"2015-07-14T23:59:59.999Z"
"2015-07-13T00:00:00.000Z";"2015-07-13T23:59:59.999Z";"2015-07-13T00:09:20.000Z";"2015-07-13T09:44:20.000Z";"2781";310.8269958496;310.9479980469;281.0109863281;292.0539855957;62053900;4199736520;"2015-07-13T23:59:59.999Z"
"2015-07-12T00:00:00.000Z";"2015-07-12T23:59:59.999Z";"2015-07-12T14:54:21.000Z";"2015-07-12T00:24:19.000Z";"2781";293.1400146484;314.3940124512;292.5050048828;310.8670043945;56405000;4469117252.1;"2015-07-12T23:59:59.999Z"
"2015-07-11T00:00:00.000Z";"2015-07-11T23:59:59.999Z";"2015-07-11T14:04:19.000Z";"2015-07-11T02:39:32.000Z";"2781";284.8800048828;298.5060119629;283.5299987793;293.1149902344;41109900;4212919911.38;"2015-07-11T23:59:59.999Z"
"2015-07-10T00:00:00.000Z";"2015-07-10T23:59:59.999Z";"2015-07-10T18:39:19.000Z";"2015-07-10T00:14:20.000Z";"2781";269.1560058594;294.591003418;268.8020019531;284.8940124512;100390000;4093705987.15;"2015-07-10T23:59:59.999Z"
"2015-07-09T00:00:00.000Z";"2015-07-09T23:59:59.999Z";"2015-07-09T07:49:20.000Z";"2015-07-09T01:34:19.000Z";"2781";270.8269958496;272.3349914551;267.0859985352;269.2279968262;40301200;3867547719.1;"2015-07-09T23:59:59.999Z"
"2015-07-08T00:00:00.000Z";"2015-07-08T23:59:59.999Z";"2015-07-08T13:14:19.000Z";"2015-07-08T03:04:18.000Z";"2781";265.9819946289;272.9710083008;264.3859863281;270.7850036621;36980200;3889020939.63;"2015-07-08T23:59:59.999Z"
"2015-07-07T00:00:00.000Z";"2015-07-07T23:59:59.999Z";"2015-07-07T04:14:20.000Z";"2015-07-07T14:14:21.000Z";"2781";269.9630126953;271.341003418;264.8320007324;266.2070007324;28857600;3822200106;"2015-07-07T23:59:59.999Z"
"2015-07-06T00:00:00.000Z";"2015-07-06T23:59:59.999Z";"2015-07-06T16:09:21.000Z";"2015-07-06T02:39:22.000Z";"2781";271.108001709;277.4219970703;267.6000061035;269.0299987793;49154800;3861831489.5;"2015-07-06T23:59:59.999Z"
"2015-07-05T00:00:00.000Z";"2015-07-05T23:59:59.999Z";"2015-07-05T18:29:21.000Z";"2015-07-05T08:24:22.000Z";"2781";260.8049926758;274.5060119629;258.7009887695;271.9129943848;44156100;3901985539.12;"2015-07-05T23:59:59.999Z"
"2015-07-04T00:00:00.000Z";"2015-07-04T23:59:59.999Z";"2015-07-04T22:04:21.000Z";"2015-07-04T05:44:21.000Z";"2781";256.4909973145;261.4570007324;254.1999969482;260.8859863281;15620400;3742827087.6;"2015-07-04T23:59:59.999Z"
"2015-07-03T00:00:00.000Z";"2015-07-03T23:59:59.999Z";"2015-07-03T02:14:21.000Z";"2015-07-03T07:09:22.000Z";"2781";255.4589996338;257.0769958496;253.5050048828;256.3359985352;19033800;3676575980.8;"2015-07-03T23:59:59.999Z"
"2015-07-02T00:00:00.000Z";"2015-07-02T23:59:59.999Z";"2015-07-02T03:39:20.000Z";"2015-07-02T14:09:20.000Z";"2781";258.5520019531;261.6310119629;254.1159973145;255.4120025635;21551900;3662295200.3;"2015-07-02T23:59:59.999Z"
"2015-07-01T00:00:00.000Z";"2015-07-01T23:59:59.999Z";"2015-07-01T01:39:21.000Z";"2015-07-01T10:04:20.000Z";"2781";263.3450012207;265.1719970703;255.7740020752;258.6210021973;27029800;3707306172.9;"2015-07-01T23:59:59.999Z"
"2015-06-30T00:00:00.000Z";"2015-06-30T23:59:59.999Z";"2015-06-30T15:49:22.000Z";"2015-06-30T01:19:33.000Z";"2781";257.0360107422;267.8670043945;255.9459991455;263.0719909668;44533800;3770229521.6;"2015-06-30T23:59:59.999Z"
"2015-06-29T00:00:00.000Z";"2015-06-29T23:59:59.999Z";"2015-06-29T23:24:23.000Z";"2015-06-29T00:14:42.000Z";"2781";248.720993042;257.1730041504;248.5809936523;257.0639953613;34742900;3683193712.2;"2015-06-29T23:59:59.999Z"
"2015-06-28T00:00:00.000Z";"2015-06-28T23:59:59.999Z";"2015-06-28T03:39:23.000Z";"2015-06-28T19:59:22.000Z";"2781";250.9550018311;251.1719970703;247.4340057373;249.0110015869;15137600;3566939393.67;"2015-06-28T23:59:59.999Z"
"2015-06-27T00:00:00.000Z";"2015-06-27T23:59:59.999Z";"2015-06-27T22:04:21.000Z";"2015-06-27T03:49:21.000Z";"2781";243.5489959717;251.3390045166;243.1170043945;250.9900054932;20488600;3594402691;"2015-06-27T23:59:59.999Z"
"2015-06-26T00:00:00.000Z";"2015-06-26T23:59:59.999Z";"2015-06-26T22:39:21.000Z";"2015-06-26T15:54:21.000Z";"2781";242.6040039063;243.7489929199;241.5529937744;243.5939941406;13983500;3487699723.95;"2015-06-26T23:59:59.999Z"
"2015-06-25T00:00:00.000Z";"2015-06-25T23:59:59.999Z";"2015-06-25T05:59:20.000Z";"2015-06-25T00:04:20.000Z";"2781";240.3650054932;243.3320007324;240.3650054932;242.7989959717;16133100;3475370256.22;"2015-06-25T23:59:59.999Z"
"2015-06-24T00:00:00.000Z";"2015-06-24T23:59:59.999Z";"2015-06-24T00:14:21.000Z";"2015-06-24T23:59:20.000Z";"2781";244.2819976807;244.341003418;240.5149993896;240.5149993896;17344900;3441763637.12;"2015-06-24T23:59:59.999Z"
"2015-06-23T00:00:00.000Z";"2015-06-23T23:59:59.999Z";"2015-06-23T03:39:20.000Z";"2015-06-23T12:29:20.000Z";"2781";246.9270019531;247.3040008545;243.1329956055;244.296005249;15108700;3494929113;"2015-06-23T23:59:59.999Z"
"2015-06-22T00:00:00.000Z";"2015-06-22T23:59:59.999Z";"2015-06-22T22:24:20.000Z";"2015-06-22T09:14:21.000Z";"2781";243.9689941406;247.9170074463;243.779006958;246.9900054932;17692500;3532599174;"2015-06-22T23:59:59.999Z"
"2015-06-21T00:00:00.000Z";"2015-06-21T23:59:59.999Z";"2015-06-21T00:09:19.000Z";"2015-06-21T18:34:20.000Z";"2781";245.1000061035;245.2239990234;241.8820037842;243.9440002441;10600900;3488106467.2;"2015-06-21T23:59:59.999Z"
"2015-06-20T00:00:00.000Z";"2015-06-20T23:59:59.999Z";"2015-06-20T16:09:29.000Z";"2015-06-20T04:14:20.000Z";"2781";244.5299987793;245.8280029297;240.6269989014;245.2120056152;20608100;3505477188.4;"2015-06-20T23:59:59.999Z"
"2015-06-19T00:00:00.000Z";"2015-06-19T23:59:59.999Z";"2015-06-19T08:34:20.000Z";"2015-06-19T23:19:20.000Z";"2781";249.0429992676;250.9770050049;243.7870025635;244.6060028076;23965300;3495994564.1;"2015-06-19T23:59:59.999Z"
"2015-06-18T00:00:00.000Z";"2015-06-18T23:59:59.999Z";"2015-06-18T13:54:20.000Z";"2015-06-18T05:49:20.000Z";"2781";249.4279937744;252.108001709;244.1269989014;249.0070037842;30980200;3557986320.9;"2015-06-18T23:59:59.999Z"
"2015-06-17T00:00:00.000Z";"2015-06-17T23:59:59.999Z";"2015-06-17T11:34:20.000Z";"2015-06-17T02:54:25.000Z";"2781";250.8229980469;256.8529968262;246.4759979248;249.283996582;43858400;3560953386.9;"2015-06-17T23:59:59.999Z"
"2015-06-16T00:00:00.000Z";"2015-06-16T23:59:59.999Z";"2015-06-16T15:59:20.000Z";"2015-06-16T01:14:20.000Z";"2781";236.7649993896;251.7420043945;236.1219940186;250.8950042725;41612000;3582987588.38;"2015-06-16T23:59:59.999Z"
"2015-06-15T00:00:00.000Z";"2015-06-15T23:59:59.999Z";"2015-06-15T18:24:20.000Z";"2015-06-15T00:04:20.000Z";"2781";233.4219970703;237.8359985352;233.4219970703;236.8229980469;19912100;3381329191.12;"2015-06-15T23:59:59.999Z"
"2015-06-14T00:00:00.000Z";"2015-06-14T23:59:59.999Z";"2015-06-14T09:14:19.000Z";"2015-06-14T01:29:20.000Z";"2781";232.4420013428;234.858001709;232.0039978027;233.5429992676;12165900;3333657006.33;"2015-06-14T23:59:59.999Z"
"2015-06-13T00:00:00.000Z";"2015-06-13T23:59:59.999Z";"2015-06-13T20:54:20.000Z";"2015-06-13T00:14:22.000Z";"2781";229.9199981689;232.6519927979;229.2100067139;232.4019927979;13305300;3316504361.1;"2015-06-13T23:59:59.999Z"
"2015-06-12T00:00:00.000Z";"2015-06-12T23:59:59.999Z";"2015-06-12T16:29:21.000Z";"2015-06-12T02:49:20.000Z";"2781";229.7050018311;231.0570068359;229.31300354;229.9819946289;14017700;3281061201.2;"2015-06-12T23:59:59.999Z"
"2015-06-11T00:00:00.000Z";"2015-06-11T23:59:59.999Z";"2015-06-11T10:24:20.000Z";"2015-06-11T00:34:20.000Z";"2781";228.8549957275;230.2870025635;228.766998291;229.7050018311;14416000;3276293900.25;"2015-06-11T23:59:59.999Z"
"2015-06-10T00:00:00.000Z";"2015-06-10T23:59:59.999Z";"2015-06-10T12:14:20.000Z";"2015-06-10T16:39:21.000Z";"2781";228.9949951172;229.7819976807;228.0099945068;228.8029937744;15904800;3262644978.88;"2015-06-10T23:59:59.999Z"
"2015-06-09T00:00:00.000Z";"2015-06-09T23:59:59.999Z";"2015-06-09T08:34:20.000Z";"2015-06-09T04:44:20.000Z";"2781";228.5379943848;230.953994751;227.9290008545;229.0480041504;28353100;3265176585.4;"2015-06-09T23:59:59.999Z"
"2015-06-08T00:00:00.000Z";"2015-06-08T23:59:59.999Z";"2015-06-08T20:14:20.000Z";"2015-06-08T00:09:20.000Z";"2781";222.8789978027;229.4640045166;222.8390045166;228.4889984131;23378400;3256350969.08;"2015-06-08T23:59:59.999Z"
"2015-06-07T00:00:00.000Z";"2015-06-07T23:59:59.999Z";"2015-06-07T07:04:21.000Z";"2015-06-07T19:44:21.000Z";"2781";225.595993042;226.1940002441;222.6519927979;222.8809967041;13318400;3175547195.72;"2015-06-07T23:59:59.999Z"
"2015-06-06T00:00:00.000Z";"2015-06-06T23:59:59.999Z";"2015-06-06T11:19:21.000Z";"2015-06-06T03:59:20.000Z";"2781";225.0050048828;225.7189941406;224.3789978027;225.6190032959;11131500;3213722676.47;"2015-06-06T23:59:59.999Z"
"2015-06-05T00:00:00.000Z";"2015-06-05T23:59:59.999Z";"2015-06-05T15:34:21.000Z";"2015-06-05T07:54:20.000Z";"2781";224.154006958;225.9680023193;223.1790008545;224.9519958496;18056500;3203220875.4;"2015-06-05T23:59:59.999Z"
"2015-06-04T00:00:00.000Z";"2015-06-04T23:59:59.999Z";"2015-06-04T15:19:20.000Z";"2015-06-04T23:29:25.000Z";"2781";225.7720031738;226.5809936523;224.0540008545;224.324005127;14728100;3193504504.5;"2015-06-04T23:59:59.999Z"
"2015-06-03T00:00:00.000Z";"2015-06-03T23:59:59.999Z";"2015-06-03T20:19:20.000Z";"2015-06-03T08:14:20.000Z";"2781";225.7359924316;227.404006958;223.9299926758;225.8739929199;17752400;3214774292.4;"2015-06-03T23:59:59.999Z"
"2015-06-02T00:00:00.000Z";"2015-06-02T23:59:59.999Z";"2015-06-02T13:59:20.000Z";"2015-06-02T04:59:20.000Z";"2781";222.8939971924;226.4160003662;222.4190063477;225.8029937744;20459000;3212962177.15;"2015-06-02T23:59:59.999Z"
"2015-06-01T00:00:00.000Z";"2015-06-01T23:59:59.999Z";"2015-06-01T07:54:20.000Z";"2015-06-01T21:59:21.000Z";"2781";230.233001709;231.7129974365;221.296005249;222.925994873;26090500;3171172508.35;"2015-06-01T23:59:59.999Z"
"2015-05-31T00:00:00.000Z";"2015-05-31T23:59:59.999Z";"2015-05-31T01:24:21.000Z";"2015-05-31T23:09:20.000Z";"2781";233.1349945068;233.2519989014;229.5420074463;230.1900024414;14730800;3273756425.25;"2015-05-31T23:59:59.999Z"
"2015-05-30T00:00:00.000Z";"2015-05-30T23:59:59.999Z";"2015-05-30T00:39:20.000Z";"2015-05-30T19:49:20.000Z";"2781";237.0919952393;237.0930023193;232.046005249;233.3450012207;14098600;3317769213.5;"2015-05-30T23:59:59.999Z"
"2015-05-29T00:00:00.000Z";"2015-05-29T23:59:59.999Z";"2015-05-29T00:29:20.000Z";"2015-05-29T07:34:20.000Z";"2781";237.3769989014;237.5220031738;235.7310028076;237.095993042;14805000;3370295930.4;"2015-05-29T23:59:59.999Z"
"2015-05-28T00:00:00.000Z";"2015-05-28T23:59:59.999Z";"2015-05-28T20:04:22.000Z";"2015-05-28T08:24:20.000Z";"2781";237.2570037842;237.824005127;236.6519927979;237.4080047607;13829600;3373816958.4;"2015-05-28T23:59:59.999Z"
"2015-05-27T00:00:00.000Z";"2015-05-27T23:59:59.999Z";"2015-05-27T07:49:20.000Z";"2015-05-27T18:14:20.000Z";"2781";237.0650024414;238.6360015869;236.6950073242;237.2830047607;18837000;3371257543.25;"2015-05-27T23:59:59.999Z"
"2015-05-26T00:00:00.000Z";"2015-05-26T23:59:59.999Z";"2015-05-26T10:59:20.000Z";"2015-05-26T07:39:21.000Z";"2781";237.1040039063;238.2420043945;235.6920013428;237.1159973145;16425000;3368066798.8;"2015-05-26T23:59:59.999Z"
"2015-05-25T00:00:00.000Z";"2015-05-25T23:59:59.999Z";"2015-05-25T06:59:19.000Z";"2015-05-25T20:19:21.000Z";"2781";240.9270019531;241.0209960938;236.6369934082;237.1100006104;14423900;3367127977;"2015-05-25T23:59:59.999Z"
"2015-05-24T00:00:00.000Z";"2015-05-24T23:59:59.999Z";"2015-05-24T18:29:26.000Z";"2015-05-24T05:29:20.000Z";"2781";238.9759979248;241.9779968262;238.8110046387;240.9530029297;11508000;3420845883.95;"2015-05-24T23:59:59.999Z"
"2015-05-23T00:00:00.000Z";"2015-05-23T23:59:59.999Z";"2015-05-23T12:34:20.000Z";"2015-05-23T23:14:23.000Z";"2781";240.2859954834;241.0249938965;238.6909942627;238.8719940186;14605000;3390435703.8;"2015-05-23T23:59:59.999Z"
"2015-05-22T00:00:00.000Z";"2015-05-22T23:59:59.999Z";"2015-05-22T18:14:20.000Z";"2015-05-22T11:39:19.000Z";"2781";235.3209991455;240.9689941406;235.0599975586;240.3480072021;27003000;3410712372.3;"2015-05-22T23:59:59.999Z"
"2015-05-21T00:00:00.000Z";"2015-05-21T23:59:59.999Z";"2015-05-21T18:09:21.000Z";"2015-05-21T04:19:19.000Z";"2781";234.0160064697;236.2420043945;233.8350067139;235.3439941406;15108900;3338890047.6;"2015-05-21T23:59:59.999Z"
"2015-05-20T00:00:00.000Z";"2015-05-20T23:59:59.999Z";"2015-05-20T17:34:20.000Z";"2015-05-20T07:34:20.000Z";"2781";231.8899993896;234.6829986572;231.8419952393;234.0180053711;15499400;3319170901.2;"2015-05-20T23:59:59.999Z"
"2015-05-19T00:00:00.000Z";"2015-05-19T23:59:59.999Z";"2015-05-19T08:09:19.000Z";"2015-05-19T20:54:25.000Z";"2781";233.0370025635;234.1510009766;231.8170013428;231.9470062256;14241900;3288950473.25;"2015-05-19T23:59:59.999Z"
"2015-05-18T00:00:00.000Z";"2015-05-18T23:59:59.999Z";"2015-05-18T06:09:20.000Z";"2015-05-18T20:54:20.000Z";"2781";236.8869934082;237.2100067139;232.4600067139;233.1280059814;16780300;3304944920.2;"2015-05-18T23:59:59.999Z"
"2015-05-17T00:00:00.000Z";"2015-05-17T23:59:59.999Z";"2015-05-17T15:59:20.000Z";"2015-05-17T00:04:25.000Z";"2781";236.0099945068;238.0249938965;236.0099945068;236.8020019531;11134300;3356176985.85;"2015-05-17T23:59:59.999Z"
"2015-05-16T00:00:00.000Z";"2015-05-16T23:59:59.999Z";"2015-05-16T00:29:21.000Z";"2015-05-16T20:44:21.000Z";"2781";237.6439971924;237.6970062256;235.2949981689;236.1529998779;11089700;3345969203.45;"2015-05-16T23:59:59.999Z"
"2015-05-15T00:00:00.000Z";"2015-05-15T23:59:59.999Z";"2015-05-15T14:19:21.000Z";"2015-05-15T23:19:19.000Z";"2781";236.9550018311;238.7530059814;236.7949981689;237.6049957275;16329400;3365752046.62;"2015-05-15T23:59:59.999Z"
"2015-05-14T00:00:00.000Z";"2015-05-14T23:59:59.999Z";"2015-05-14T16:29:20.000Z";"2015-05-14T21:29:20.000Z";"2781";236.2140045166;237.7989959717;234.0570068359;236.9290008545;24413700;3355311496.07;"2015-05-14T23:59:59.999Z"
"2015-05-13T00:00:00.000Z";"2015-05-13T23:59:59.999Z";"2015-05-13T13:19:21.000Z";"2015-05-13T22:04:19.000Z";"2781";241.3979949951;243.703994751;235.0449981689;236.3769989014;27180100;3346584200.03;"2015-05-13T23:59:59.999Z"
"2015-05-12T00:00:00.000Z";"2015-05-12T23:59:59.999Z";"2015-05-12T00:44:20.000Z";"2015-05-12T02:19:20.000Z";"2781";242.1450042725;242.8809967041;240.0989990234;241.1119995117;19282600;3412644997.8;"2015-05-12T23:59:59.999Z"
"2015-05-11T00:00:00.000Z";"2015-05-11T23:59:59.999Z";"2015-05-11T17:59:20.000Z";"2015-05-11T05:24:20.000Z";"2781";240.2989959717;244.2700042725;239.3760070801;242.1580047607;20892300;3426529646.05;"2015-05-11T23:59:59.999Z"
"2015-05-10T00:00:00.000Z";"2015-05-10T23:59:59.999Z";"2015-05-10T08:24:19.000Z";"2015-05-10T07:24:19.000Z";"2781";241.7290039063;244.0679931641;238.8489990234;240.296005249;15019100;3399245238.2;"2015-05-10T23:59:59.999Z"
"2015-05-09T00:00:00.000Z";"2015-05-09T23:59:59.999Z";"2015-05-09T07:59:19.000Z";"2015-05-09T10:29:19.000Z";"2781";243.7689971924;247.8040008545;239.6390075684;241.8320007324;19790500;3420193701.2;"2015-05-09T23:59:59.999Z"
"2015-05-08T00:00:00.000Z";"2015-05-08T23:59:59.999Z";"2015-05-08T16:19:19.000Z";"2015-05-08T05:54:19.000Z";"2781";237.203994751;246.2749938965;236.2740020752;243.8630065918;27445500;3448119178.22;"2015-05-08T23:59:59.999Z"
"2015-05-07T00:00:00.000Z";"2015-05-07T23:59:59.999Z";"2015-05-07T18:29:20.000Z";"2015-05-07T07:19:19.000Z";"2781";229.6620025635;239.1049957275;228.5729980469;237.3339996338;29064400;3354923757.25;"2015-05-07T23:59:59.999Z"
"2015-05-06T00:00:00.000Z";"2015-05-06T23:59:59.999Z";"2015-05-06T00:09:21.000Z";"2015-05-06T22:49:19.000Z";"2781";236.2489929199;236.453994751;229.2310028076;229.7819976807;29587200;3247353903.15;"2015-05-06T23:59:59.999Z"
"2015-05-05T00:00:00.000Z";"2015-05-05T23:59:59.999Z";"2015-05-05T00:19:18.000Z";"2015-05-05T09:54:19.000Z";"2781";238.8520050049;239.203994751;232.0540008545;236.1210021973;23929100;3335976518.25;"2015-05-05T23:59:59.999Z"
"2015-05-04T00:00:00.000Z";"2015-05-04T23:59:59.999Z";"2015-05-04T12:34:18.000Z";"2015-05-04T15:39:20.000Z";"2781";240.3560028076;242.6380004883;237.8099975586;239.0180053711;21223400;3375997790.1;"2015-05-04T23:59:59.999Z"
"2015-05-03T00:00:00.000Z";"2015-05-03T23:59:59.999Z";"2015-05-03T12:29:19.000Z";"2015-05-03T02:09:19.000Z";"2781";234.8800048828;243.2400054932;234.0829925537;240.358001709;18494100;3394161416.45;"2015-05-03T23:59:59.999Z"
"2015-05-02T00:00:00.000Z";"2015-05-02T23:59:59.999Z";"2015-05-02T17:14:20.000Z";"2015-05-02T00:04:20.000Z";"2781";232.341003418;235.7270050049;232.341003418;234.9299926758;12535500;3316683007.5;"2015-05-02T23:59:59.999Z"
"2015-05-01T00:00:00.000Z";"2015-05-01T23:59:59.999Z";"2015-05-01T07:09:20.000Z";"2015-05-01T23:59:36.000Z";"2781";235.9389953613;238.966003418;232.078994751;232.078994751;18815300;3275574609.95;"2015-05-01T23:59:59.999Z"
"2015-04-30T00:00:00.000Z";"2015-04-30T23:59:59.999Z";"2015-04-30T20:24:22.000Z";"2015-04-30T02:14:21.000Z";"2781";225.6929931641;239.56300354;224.9929962158;236.1450042725;33818600;3332094504.38;"2015-04-30T23:59:59.999Z"
"2015-04-29T00:00:00.000Z";"2015-04-29T23:59:59.999Z";"2015-04-29T00:44:22.000Z";"2015-04-29T08:49:23.000Z";"2781";225.591003418;227.0399932861;223.4299926758;225.8079986572;18936500;3185479101.2;"2015-04-29T23:59:59.999Z"
"2015-04-28T00:00:00.000Z";"2015-04-28T23:59:59.999Z";"2015-04-28T00:39:24.000Z";"2015-04-28T13:49:24.000Z";"2781";228.9689941406;229.4949951172;223.0690002441;225.8549957275;21469200;3185425041.75;"2015-04-28T23:59:59.999Z"
"2015-04-27T00:00:00.000Z";"2015-04-27T23:59:59.999Z";"2015-04-27T21:44:23.000Z";"2015-04-27T12:19:23.000Z";"2781";219.4290008545;233.3049926758;218.0229949951;229.2859954834;38574000;3232938332.15;"2015-04-27T23:59:59.999Z"
"2015-04-26T00:00:00.000Z";"2015-04-26T23:59:59.999Z";"2015-04-26T00:14:23.000Z";"2015-04-26T16:04:23.000Z";"2781";226.4100036621;226.9440002441;214.8739929199;219.4299926758;28943700;3093216938;"2015-04-26T23:59:59.999Z"
"2015-04-25T00:00:00.000Z";"2015-04-25T23:59:59.999Z";"2015-04-25T01:49:24.000Z";"2015-04-25T23:04:23.000Z";"2781";231.2350006104;232.5610046387;226.3370056152;226.3899993896;13957200;3190508610.25;"2015-04-25T23:59:59.999Z"
"2015-04-24T00:00:00.000Z";"2015-04-24T23:59:59.999Z";"2015-04-24T00:19:26.000Z";"2015-04-24T16:09:22.000Z";"2781";235.9700012207;236.3049926758;229.9329986572;231.2680053711;21448700;3258311725.2;"2015-04-24T23:59:59.999Z"
"2015-04-23T00:00:00.000Z";"2015-04-23T23:59:59.999Z";"2015-04-23T23:54:24.000Z";"2015-04-23T04:59:22.000Z";"2781";234.0529937744;236.4750061035;233.199005127;236.4620056152;17036000;3330762351.15;"2015-04-23T23:59:59.999Z"
"2015-04-22T00:00:00.000Z";"2015-04-22T23:59:59.999Z";"2015-04-22T14:54:23.000Z";"2015-04-22T22:04:22.000Z";"2781";235.6020050049;237.908996582;233.4759979248;234.175994873;23847900;3297795228.8;"2015-04-22T23:59:59.999Z"
"2015-04-21T00:00:00.000Z";"2015-04-21T23:59:59.999Z";"2015-04-21T23:59:22.000Z";"2015-04-21T15:29:22.000Z";"2781";224.6199951172;235.2689971924;224.300994873;235.2689971924;24978000;3312299315.47;"2015-04-21T23:59:59.999Z"
"2015-04-20T00:00:00.000Z";"2015-04-20T23:59:59.999Z";"2015-04-20T13:19:22.000Z";"2015-04-20T00:24:22.000Z";"2781";222.6119995117;226.3509979248;221.9770050049;224.6260070801;18364700;3161599718.7;"2015-04-20T23:59:59.999Z"
"2015-04-19T00:00:00.000Z";"2015-04-19T23:59:59.999Z";"2015-04-19T12:54:22.000Z";"2015-04-19T20:49:21.000Z";"2781";223.4559936523;226.3529968262;222.3730010986;222.6000061035;15021500;3132226860;"2015-04-19T23:59:59.999Z"
"2015-04-18T00:00:00.000Z";"2015-04-18T23:59:59.999Z";"2015-04-18T06:54:22.000Z";"2015-04-18T10:59:23.000Z";"2781";222.8529968262;224.3159942627;220.8760070801;223.3560028076;12939000;3142049362.2;"2015-04-18T23:59:59.999Z"
"2015-04-17T00:00:00.000Z";"2015-04-17T23:59:59.999Z";"2015-04-17T00:29:22.000Z";"2015-04-17T15:29:22.000Z";"2781";228.5749969482;228.9060058594;221.9420013428;222.8820037842;20429800;3134573443.65;"2015-04-17T23:59:59.999Z"
"2015-04-16T00:00:00.000Z";"2015-04-16T23:59:59.999Z";"2015-04-16T22:14:22.000Z";"2015-04-16T00:04:22.000Z";"2781";223.9170074463;229.6719970703;223.9170074463;228.5729980469;24805400;3213884952.45;"2015-04-16T23:59:59.999Z"
"2015-04-15T00:00:00.000Z";"2015-04-15T23:59:59.999Z";"2015-04-15T23:59:22.000Z";"2015-04-15T00:14:22.000Z";"2781";219.0729980469;223.8329925537;218.6490020752;223.8329925537;22562000;3146465247.6;"2015-04-15T23:59:59.999Z"
"2015-04-14T00:00:00.000Z";"2015-04-14T23:59:59.999Z";"2015-04-14T00:59:22.000Z";"2015-04-14T18:39:22.000Z";"2781";224.7590026855;224.9759979248;216.3229980469;219.158996582;31719000;3080098938.82;"2015-04-14T23:59:59.999Z"
"2015-04-13T00:00:00.000Z";"2015-04-13T23:59:59.999Z";"2015-04-13T05:24:21.000Z";"2015-04-13T21:54:19.000Z";"2781";235.9499969482;236.9349975586;221.9960021973;224.5870056152;31181800;3155548414.15;"2015-04-13T23:59:59.999Z"
"2015-04-12T00:00:00.000Z";"2015-04-12T23:59:59.999Z";"2015-04-12T03:19:22.000Z";"2015-04-12T08:34:21.000Z";"2781";236.5350036621;237.7279968262;233.4949951172;236.1529998779;12387900;3317129018.32;"2015-04-12T23:59:59.999Z"
"2015-04-11T00:00:00.000Z";"2015-04-11T23:59:59.999Z";"2015-04-11T03:14:21.000Z";"2015-04-11T10:24:21.000Z";"2781";236.0160064697;239.5370025635;234.1750030518;236.5520019531;16365200;3321976615.4;"2015-04-11T23:59:59.999Z"
"2015-04-10T00:00:00.000Z";"2015-04-10T23:59:59.999Z";"2015-04-10T00:04:21.000Z";"2015-04-10T16:09:21.000Z";"2781";243.6940002441;243.6940002441;232.7709960938;236.0720062256;28882000;3314409567.4;"2015-04-10T23:59:59.999Z"
"2015-04-09T00:00:00.000Z";"2015-04-09T23:59:59.999Z";"2015-04-09T01:04:26.000Z";"2015-04-09T08:09:21.000Z";"2781";244.7510070801;246.1179962158;239.3999938965;243.675994873;21643500;3420248519.8;"2015-04-09T23:59:59.999Z"
"2015-04-08T00:00:00.000Z";"2015-04-08T23:59:59.999Z";"2015-04-08T09:39:21.000Z";"2015-04-08T20:04:19.000Z";"2781";253.0639953613;253.8470001221;244.2149963379;245.0220031738;30086400;3438326344.95;"2015-04-08T23:59:59.999Z"
"2015-04-07T00:00:00.000Z";"2015-04-07T23:59:59.999Z";"2015-04-07T00:54:20.000Z";"2015-04-07T04:14:22.000Z";"2781";255.2740020752;255.8049926758;252.2050018311;253.1799926758;18467400;3552014128;"2015-04-07T23:59:59.999Z"
"2015-04-06T00:00:00.000Z";"2015-04-06T23:59:59.999Z";"2015-04-06T02:34:22.000Z";"2015-04-06T18:09:21.000Z";"2781";260.7210083008;261.7980041504;254.5749969482;255.4920043945;20034200;3583466919;"2015-04-06T23:59:59.999Z"
"2015-04-05T00:00:00.000Z";"2015-04-05T23:59:59.999Z";"2015-04-05T23:24:22.000Z";"2015-04-05T08:24:21.000Z";"2781";253.7610015869;260.674987793;251.9420013428;260.5979919434;19649200;3654268029.75;"2015-04-05T23:59:59.999Z"
"2015-04-04T00:00:00.000Z";"2015-04-04T23:59:59.999Z";"2015-04-04T02:04:21.000Z";"2015-04-04T09:09:21.000Z";"2781";254.2910003662;255.2579956055;251.1000061035;253.6970062256;12493500;3556559215.72;"2015-04-04T23:59:59.999Z"
"2015-04-03T00:00:00.000Z";"2015-04-03T23:59:59.999Z";"2015-04-03T10:34:21.000Z";"2015-04-03T05:39:21.000Z";"2781";253.074005127;256.0429992676;251.8789978027;254.3220062256;23146600;3564354620.25;"2015-04-03T23:59:59.999Z"
"2015-04-02T00:00:00.000Z";"2015-04-02T23:59:59.999Z";"2015-04-02T19:24:22.000Z";"2015-04-02T08:14:21.000Z";"2781";247.0890045166;254.4609985352;245.4160003662;253.0050048828;26272600;3544973232.38;"2015-04-02T23:59:59.999Z"
"2015-04-01T00:00:00.000Z";"2015-04-01T23:59:59.999Z";"2015-04-01T23:49:19.000Z";"2015-04-01T10:39:21.000Z";"2781";244.2230072021;247.5410003662;241.1600036621;247.2720031738;22877200;3463619267.4;"2015-04-01T23:59:59.999Z"
"2015-03-31T00:00:00.000Z";"2015-03-31T23:59:59.999Z";"2015-03-31T03:09:21.000Z";"2015-03-31T13:34:22.000Z";"2781";247.453994751;248.7299957275;242.7389984131;244.2239990234;22672000;3420112896;"2015-03-31T23:59:59.999Z"
"2015-03-30T00:00:00.000Z";"2015-03-30T23:59:59.999Z";"2015-03-30T19:19:22.000Z";"2015-03-30T02:04:26.000Z";"2781";242.8789978027;249.2420043945;239.2140045166;247.5260009766;23009600;3465419693.35;"2015-03-30T23:59:59.999Z"
"2015-03-29T00:00:00.000Z";"2015-03-29T23:59:59.999Z";"2015-03-29T01:34:22.000Z";"2015-03-29T22:09:19.000Z";"2781";252.7400054932;253.1390075684;240.8500061035;242.7129974365;21699400;3397187114.92;"2015-03-29T23:59:59.999Z"
"2015-03-28T00:00:00.000Z";"2015-03-28T23:59:59.999Z";"2015-03-28T11:04:21.000Z";"2015-03-28T00:04:26.000Z";"2781";246.9750061035;254.2050018311;246.9750061035;252.7980041504;16040900;3537377134.2;"2015-03-28T23:59:59.999Z"
"2015-03-27T00:00:00.000Z";"2015-03-27T23:59:59.999Z";"2015-03-27T13:09:21.000Z";"2015-03-27T02:54:21.000Z";"2781";248.5659942627;256.8110046387;245.2129974365;247.029006958;17274900;3455731911.07;"2015-03-27T23:59:59.999Z"
"2015-03-26T00:00:00.000Z";"2015-03-26T23:59:59.999Z";"2015-03-26T18:54:22.000Z";"2015-03-26T01:19:21.000Z";"2781";246.2760009766;254.3540039063;244.9049987793;248.5319976807;25730000;3475701380.1;"2015-03-26T23:59:59.999Z"
"2015-03-25T00:00:00.000Z";"2015-03-25T23:59:59.999Z";"2015-03-25T13:24:22.000Z";"2015-03-25T07:34:21.000Z";"2781";247.4720001221;249.1900024414;236.5149993896;246.1970062256;35866900;3442129496.4;"2015-03-25T23:59:59.999Z"
"2015-03-24T00:00:00.000Z";"2015-03-24T23:59:59.999Z";"2015-03-24T00:34:22.000Z";"2015-03-24T14:34:21.000Z";"2781";266.5769958496;267.0029907227;244.1549987793;245.5950012207;40073700;3432718154.25;"2015-03-24T23:59:59.999Z"
"2015-03-23T00:00:00.000Z";"2015-03-23T23:59:59.999Z";"2015-03-23T15:09:22.000Z";"2015-03-23T19:34:22.000Z";"2781";267.8949890137;277.2969970703;261.7449951172;266.7399902344;22811900;3727111340.5;"2015-03-23T23:59:59.999Z"
"2015-03-22T00:00:00.000Z";"2015-03-22T23:59:59.999Z";"2015-03-22T23:14:21.000Z";"2015-03-22T02:39:21.000Z";"2781";259.9169921875;269.7470092773;259.5899963379;267.9599914551;18438100;3743193531;"2015-03-22T23:59:59.999Z"
"2015-03-21T00:00:00.000Z";"2015-03-21T23:59:59.999Z";"2015-03-21T16:09:21.000Z";"2015-03-21T06:34:21.000Z";"2781";261.6440124512;262.1960144043;255.6499938965;260.0249938965;17130100;3631424641.87;"2015-03-21T23:59:59.999Z"
"2015-03-20T00:00:00.000Z";"2015-03-20T23:59:59.999Z";"2015-03-20T03:44:20.000Z";"2015-03-20T11:04:20.000Z";"2781";260.9559936523;264.8479919434;259.1619873047;261.7489929199;18456700;3654506819.38;"2015-03-20T23:59:59.999Z"
"2015-03-19T00:00:00.000Z";"2015-03-19T23:59:59.999Z";"2015-03-19T17:04:22.000Z";"2015-03-19T01:14:21.000Z";"2781";255.8800048828;264.2439880371;248.6360015869;260.9280090332;52732000;3642156964.8;"2015-03-19T23:59:59.999Z"
"2015-03-18T00:00:00.000Z";"2015-03-18T23:59:59.999Z";"2015-03-18T00:19:22.000Z";"2015-03-18T21:49:22.000Z";"2781";285.066986084;285.3359985352;249.8699951172;256.2990112305;57008000;3576671767.42;"2015-03-18T23:59:59.999Z"
"2015-03-17T00:00:00.000Z";"2015-03-17T23:59:59.999Z";"2015-03-17T09:29:21.000Z";"2015-03-17T21:49:21.000Z";"2781";290.5950012207;292.3649902344;284.3739929199;285.5050048828;21497200;3983144493.62;"2015-03-17T23:59:59.999Z"
"2015-03-16T00:00:00.000Z";"2015-03-16T23:59:59.999Z";"2015-03-16T14:34:21.000Z";"2015-03-16T00:04:21.000Z";"2781";285.6849975586;294.1119995117;285.6849975586;290.5929870605;21516100;4053198428.83;"2015-03-16T23:59:59.999Z"
"2015-03-15T00:00:00.000Z";"2015-03-15T23:59:59.999Z";"2015-03-15T21:49:21.000Z";"2015-03-15T00:29:21.000Z";"2781";281.424987793;286.5289916992;280.9960021973;286.3930053711;11970100;3993628667.97;"2015-03-15T23:59:59.999Z"
"2015-03-14T00:00:00.000Z";"2015-03-14T23:59:59.999Z";"2015-03-14T16:49:20.000Z";"2015-03-14T21:04:21.000Z";"2781";284.441986084;286.342010498;280.9760131836;281.8850097656;22612300;3929758785;"2015-03-14T23:59:59.999Z"
"2015-03-13T00:00:00.000Z";"2015-03-13T23:59:59.999Z";"2015-03-13T01:34:20.000Z";"2015-03-13T23:59:21.000Z";"2781";294.1180114746;294.4979858398;285.3370056152;285.3370056152;31421500;3976948638.32;"2015-03-13T23:59:59.999Z"
"2015-03-12T00:00:00.000Z";"2015-03-12T23:59:59.999Z";"2015-03-12T18:04:20.000Z";"2015-03-12T08:09:21.000Z";"2781";296.1270141602;297.0880126953;292.4129943848;294.3540039063;32585200;4101535994.85;"2015-03-12T23:59:59.999Z"
"2015-03-11T00:00:00.000Z";"2015-03-11T23:59:59.999Z";"2015-03-11T17:19:19.000Z";"2015-03-11T04:09:20.000Z";"2781";291.5249938965;297.3909912109;290.5079956055;296.3789978027;33963900;4128796573.2;"2015-03-11T23:59:59.999Z"
"2015-03-10T00:00:00.000Z";"2015-03-10T23:59:59.999Z";"2015-03-10T15:04:19.000Z";"2015-03-10T00:19:19.000Z";"2781";289.8619995117;300.0440063477;289.7430114746;291.7600097656;67770800;4063305050;"2015-03-10T23:59:59.999Z"
"2015-03-09T00:00:00.000Z";"2015-03-09T23:59:59.999Z";"2015-03-09T20:29:19.000Z";"2015-03-09T01:29:20.000Z";"2781";274.8120117188;292.7009887695;273.8930053711;289.6069946289;59178200;4032241702.05;"2015-03-09T23:59:59.999Z"
"2015-03-08T00:00:00.000Z";"2015-03-08T23:59:59.999Z";"2015-03-08T00:29:20.000Z";"2015-03-08T10:54:19.000Z";"2781";276.433013916;277.858001709;272.5650024414;274.3540039063;22067900;3818877361.85;"2015-03-08T23:59:59.999Z"
"2015-03-07T00:00:00.000Z";"2015-03-07T23:59:59.999Z";"2015-03-07T20:19:20.000Z";"2015-03-07T03:14:20.000Z";"2781";272.2940063477;277.8540039063;270.1329956055;276.2609863281;17825900;3844351384.65;"2015-03-07T23:59:59.999Z"
"2015-03-06T00:00:00.000Z";"2015-03-06T23:59:59.999Z";"2015-03-06T01:54:20.000Z";"2015-03-06T12:49:20.000Z";"2781";275.6000061035;277.608001709;270.0150146484;272.7229919434;28918900;3794156466.38;"2015-03-06T23:59:59.999Z"